sample_name,mutations,Month
sample_1,synSNP:C913T|synSNP:C3037T|orf1ab:T1001I|orf1ab:A1708D|synSNP:C5986T|orf1ab:I2230T|synSNP:C12970T|orf1ab:P4715L|synSNP:C14676T|synSNP:C15279T|synSNP:T16176C|S:N501Y|S:A570D|S:D614G|S:P681H|S:T716I|S:S982A|S:D1118H|ORF3a:G44R|ORF3a:G254V|ORF8:Q27*|ORF8:R52I|ORF8:Y73C|N:D3L|synSNP:C28312T|N:R203K|N:G204R|N:S235F,Jan
sample_2,synSNP:T445C|synSNP:C1057T|synSNP:C3037T|orf1ab:A1283V|synSNP:C6286T|orf1ab:S2273F|orf1ab:L3711F|synSNP:C11747T|synSNP:T11773C|orf1ab:P4715L|synSNP:G21255C|S:L18F|S:A222V|S:D614G|S:R1107S|synSNP:C26801G|synSNP:C27944T|N:A220V|ORF10:V30L,Jan
sample_3,synSNP:C913T|synSNP:A1699G|orf1ab:L730F|synSNP:C3037T|orf1ab:T1001I|orf1ab:A1708D|synSNP:C5986T|orf1ab:I2230T|synSNP:A8512G|synSNP:C11572T|orf1ab:P4715L|synSNP:C14676T|synSNP:C15279T|synSNP:T16176C|S:N501Y|S:A570D|S:D614G|synSNP:C23536T|S:P681H|S:T716I|S:S982A|S:D1118H|ORF8:I10T|ORF8:Q27*|ORF8:R52I|ORF8:Y73C|N:D3L|N:R203K|N:G204R|N:S235F,Jan
sample_4,synSNP:C913T|orf1ab:P254L|synSNP:C3037T|orf1ab:T1001I|orf1ab:N1611S|orf1ab:A1708D|synSNP:C5986T|orf1ab:I2230T|orf1ab:Q3966R|orf1ab:P4715L|synSNP:C14676T|synSNP:C15279T|synSNP:T16176C|orf1ab:K5784R|S:N501Y|S:A570D|S:D614G|S:P681H|S:T716I|S:S982A|S:D1118H|ORF8:Q27*|ORF8:R52I|ORF8:Y73C|N:D3L|N:R203K|N:G204R|N:S235F,Jan
sample_5,synSNP:C913T|orf1ab:L730F|synSNP:C3037T|orf1ab:T1001I|orf1ab:V1291F|orf1ab:A1708D|synSNP:C5986T|orf1ab:I2230T|orf1ab:P4715L|synSNP:C14676T|synSNP:C15279T|synSNP:T16176C|synSNP:T17865C|orf1ab:D6977G|S:N501Y|S:A570D|S:D614G|S:P681H|S:T716I|S:S982A|S:D1118H|ORF8:Q27*|ORF8:R52I|ORF8:Y73C|N:D3L|N:R203K|N:G204R|N:S235F,Jan
sample_6,synSNP:C913T|synSNP:C3037T|orf1ab:T1001I|orf1ab:A1708D|synSNP:C5986T|orf1ab:I2230T|orf1ab:P4715L|synSNP:C14676T|synSNP:C15279T|synSNP:T16176C|S:N501Y|S:A570D|S:D614G|S:P681H|S:T716I|S:S982A|S:D1118H|ORF8:Q27*|ORF8:R52I|ORF8:Y73C|N:D3L|N:R203K|N:G204R|N:S235F,Jan
sample_7,synSNP:C913T|synSNP:C3037T|orf1ab:T1001I|orf1ab:G1125C|orf1ab:A1708D|synSNP:C5986T|orf1ab:I2230T|synSNP:C8326T|synSNP:T10243C|orf1ab:L3694F|orf1ab:T4265I|orf1ab:P4715L|synSNP:C14676T|synSNP:C15279T|synSNP:T16176C|S:N501Y|S:A570D|S:D614G|S:P681H|S:T716I|S:S982A|S:D1118H|ORF8:Q27*|ORF8:R52I|ORF8:Y73C|N:D3L|N:R203K|N:G204R|N:S235F,Jan
sample_8,synSNP:C913T|orf1ab:N460Y|synSNP:G2305A|synSNP:C3037T|orf1ab:T1001I|orf1ab:A1708D|synSNP:C5986T|orf1ab:I2230T|orf1ab:P4715L|synSNP:C14676T|synSNP:C15279T|synSNP:T16176C|S:N501Y|S:A570D|S:D614G|S:V622F|S:P681H|S:T716I|S:S982A|S:D1118H|ORF8:Q27*|ORF8:R52I|ORF8:K68*|ORF8:Y73C|ORF8:L118V|N:D3L|N:R203K|N:G204R|N:S235F,Jan
sample_9,synSNP:C913T|synSNP:T2791C|synSNP:C3037T|orf1ab:T1001I|orf1ab:A1708D|synSNP:C5986T|orf1ab:I2230T|orf1ab:E2607K|orf1ab:P4715L|synSNP:C14676T|synSNP:C15279T|synSNP:T16176C|orf1ab:K5784R|synSNP:C19170T|orf1ab:L6898F|S:N501Y|S:A570D|S:D614G|S:P681H|S:T716I|S:T778I|S:S982A|S:D1118H|ORF8:Q27*|ORF8:R52I|ORF8:Y73C|N:D3L|N:R203K|N:G204R|N:S235F,Jan
sample_10,synSNP:C913T|synSNP:C3037T|orf1ab:T1001I|orf1ab:A1708D|synSNP:C5986T|orf1ab:I2230T|orf1ab:P4715L|synSNP:C14676T|synSNP:C15279T|synSNP:T16176C|orf1ab:G6528D|S:N501Y|S:A570D|S:D614G|S:P681H|S:T716I|S:S982A|S:D1118H|ORF3a:T64I|ORF8:Q27*|ORF8:R52I|ORF8:Y73C|N:D3L|N:R203K|N:G204R|N:S235F,Jan
sample_11,synSNP:C913T|synSNP:C2110T|synSNP:C3037T|orf1ab:T1001I|orf1ab:A1708D|synSNP:C5986T|orf1ab:I2230T|synSNP:A8821C|orf1ab:P4619L|orf1ab:P4715L|synSNP:C14676T|synSNP:C15279T|synSNP:T16176C|synSNP:T18087C|orf1ab:D6304N|S:N501Y|S:A570D|S:D614G|S:P681H|S:T716I|S:S982A|S:D1118H|ORF8:Q27*|ORF8:R52I|ORF8:K68*|ORF8:Y73C|N:D3L|N:R203K|N:G204R|N:S235F,Jan
sample_12,synSNP:C913T|synSNP:C3037T|orf1ab:T1001I|synSNP:C5144T|orf1ab:A1708D|synSNP:C5986T|synSNP:C6286T|orf1ab:I2230T|orf1ab:T4031I|synSNP:T12865C|orf1ab:P4715L|synSNP:C14676T|synSNP:T15096C|synSNP:C15279T|synSNP:T16176C|synSNP:G17325A|S:N501Y|S:A570D|S:D614G|S:P681H|S:T716I|S:S982A|S:D1118H|ORF7a:T120I|ORF8:Q27*|ORF8:R52I|ORF8:K68*|ORF8:Y73C|N:D3L|N:G200C|N:R203K|N:G204R|N:S235F,Jan
sample_13,synSNP:C2137T|synSNP:C3037T|orf1ab:T1001I|orf1ab:A1708D|synSNP:C5986T|orf1ab:I2230T|orf1ab:P4715L|synSNP:C14676T|synSNP:C15279T|synSNP:T16176C|orf1ab:A5833V|S:N501Y|S:A570D|S:D614G|S:P681H|S:T716I|S:S982A|S:D1118H|ORF8:Q27*|ORF8:R52I|ORF8:Y73C|N:D3L|N:R203K|N:G204R|N:S235F,Jan
sample_14,orf1ab:D144Y|synSNP:C913T|orf1ab:N460Y|synSNP:C3037T|orf1ab:T1001I|orf1ab:I1215T|synSNP:C4582T|orf1ab:A1708D|synSNP:C5986T|orf1ab:I2230T|orf1ab:A2584V|orf1ab:P4715L|synSNP:C14676T|synSNP:C15279T|synSNP:T16176C|S:N501Y|S:A570D|S:D614G|S:P681H|S:T716I|S:S982A|S:D1118H|ORF8:Q27*|ORF8:R52I|ORF8:K68*|ORF8:Y73C|ORF8:L118V|N:D3L|N:R203K|N:G204R|N:S235F,Jan
sample_15,synSNP:C913T|synSNP:C2110T|synSNP:C3037T|orf1ab:T1001I|orf1ab:A1708D|synSNP:C5986T|orf1ab:I2230T|orf1ab:P4619L|orf1ab:P4715L|synSNP:C14676T|synSNP:C15279T|synSNP:T16176C|S:S151N|S:N501Y|S:A570D|S:D614G|S:P681H|S:T716I|S:S982A|S:D1118H|ORF8:Q27*|ORF8:R52I|ORF8:K68*|ORF8:Y73C|N:D3L|synSNP:A28877T|synSNP:G28878C|N:R203K|N:G204R|N:S235F|synSNP:A29500G,Jan
sample_16,synSNP:C583T|synSNP:C913T|synSNP:C3037T|orf1ab:P971L|orf1ab:T1001I|orf1ab:A1708D|synSNP:C5986T|orf1ab:I2230T|synSNP:T10253C|orf1ab:P4715L|synSNP:C14676T|synSNP:C15279T|synSNP:T16176C|S:N501Y|S:A570D|S:D614G|S:P681H|S:T716I|S:S982A|S:D1118H|synSNP:C25114T|ORF3a:S26L|ORF8:Q27*|ORF8:R52I|ORF8:Y73C|N:D3L|N:R203K|N:G204R|N:S235F,Jan
sample_17,synSNP:C913T|orf1ab:L730F|synSNP:C3037T|orf1ab:T1001I|orf1ab:A1708D|synSNP:C5986T|orf1ab:S2114F|orf1ab:I2230T|synSNP:A8845G|orf1ab:P4715L|synSNP:C14676T|synSNP:C15279T|synSNP:T16176C|orf1ab:T5956I|S:I418V|S:N501Y|S:A570D|S:T572I|S:D614G|S:P681H|S:T716I|S:S982A|S:D1118H|ORF8:Q27*|ORF8:R52I|ORF8:Y73C|ORF8:D75G|N:D3L|N:R203K|N:G204R|N:S235F,Jan
sample_18,synSNP:C313T|synSNP:C913T|synSNP:C2695T|synSNP:C3037T|orf1ab:T1001I|orf1ab:A1708D|synSNP:C5986T|orf1ab:I2230T|orf1ab:F2780L|synSNP:C9133T|orf1ab:P4715L|synSNP:C14676T|synSNP:C15279T|synSNP:T16176C|orf1ab:K5784R|synSNP:C20946T|S:N501Y|S:A570D|S:D614G|S:P681H|S:T716I|S:S982A|S:D1118H|ORF3a:L15F|ORF8:Q27*|ORF8:R52I|ORF8:Y73C|N:D3L|N:R203K|N:G204R|N:S235F,Jan
sample_19,synSNP:C913T|synSNP:C2110T|synSNP:C3037T|orf1ab:T1001I|orf1ab:A1708D|synSNP:C5986T|orf1ab:I2230T|orf1ab:P4619L|orf1ab:P4715L|synSNP:C14676T|synSNP:C15279T|synSNP:T16176C|S:F490S|S:N501Y|S:A570D|S:D614G|S:P681H|S:T716I|S:S982A|S:D1118H|ORF8:Q27*|ORF8:R52I|ORF8:K68*|ORF8:Y73C|N:D3L|N:R203K|N:G204R|N:S235F,Jan
sample_20,synSNP:C913T|synSNP:C3037T|orf1ab:T1001I|orf1ab:A1708D|synSNP:C5986T|orf1ab:I2230T|orf1ab:P4715L|synSNP:C14676T|synSNP:C15279T|synSNP:T16176C|S:N501Y|S:A570D|S:D614G|S:P681H|S:T716I|S:S982A|S:D1118H|ORF3a:R134C|M:A2S|synSNP:T27384C|ORF8:Q27*|ORF8:R52I|ORF8:Y73C|N:D3L|N:R203K|N:G204R|N:S235F,Jan
sample_21,synSNP:C913T|synSNP:C3037T|orf1ab:T1001I|orf1ab:A1708D|synSNP:C5986T|orf1ab:I2138V|orf1ab:I2230T|orf1ab:S2493I|orf1ab:P4715L|synSNP:C14676T|synSNP:C15279T|synSNP:T16176C|orf1ab:K5784R|S:T299I|S:N501Y|S:A570D|S:D614G|S:P681H|S:T716I|S:S982A|S:D1118H|M:V70L|ORF8:Q27*|ORF8:R52I|ORF8:Y73C|N:D3L|N:R203K|N:G204R|N:S235F,Jan
sample_22,synSNP:C913T|synSNP:A949G|synSNP:C2110T|synSNP:C3037T|orf1ab:P926S|orf1ab:T1001I|orf1ab:A1708D|synSNP:C5986T|orf1ab:I2230T|synSNP:T9127C|orf1ab:L4182F|orf1ab:P4619L|orf1ab:P4715L|synSNP:C14676T|synSNP:C15279T|synSNP:T16176C|S:N501Y|S:A570D|S:D614G|S:P681H|S:T716I|S:S982A|S:D1118H|ORF8:Q27*|ORF8:R52I|ORF8:K68*|ORF8:Y73C|N:D3L|N:L139F|N:R203K|N:G204R|N:S235F,Jan
sample_23,synSNP:C913T|synSNP:C2110T|synSNP:C3037T|orf1ab:T1001I|orf1ab:A1708D|synSNP:C5986T|orf1ab:I2230T|orf1ab:A3209V|synSNP:C10519T|synSNP:C11074T|orf1ab:L4182F|orf1ab:P4619L|orf1ab:P4715L|synSNP:C14676T|synSNP:C15279T|synSNP:T16176C|orf1ab:P5971S|S:N501Y|S:A570D|S:D614G|S:P681H|S:T716I|S:S982A|S:D1118H|ORF8:Q27*|ORF8:R52I|ORF8:K68*|ORF8:Y73C|N:D3L|N:R203K|N:G204R|N:S235F,Jan
sample_24,synSNP:C913T|orf1ab:K669E|synSNP:C3037T|orf1ab:T1001I|orf1ab:A1708D|synSNP:C5986T|orf1ab:I2230T|synSNP:C12076T|orf1ab:P4715L|synSNP:C14676T|synSNP:C15279T|synSNP:T16176C|S:N501Y|S:A570D|S:D614G|S:P681H|S:T716I|S:S982A|S:D1118H|ORF8:Q27*|ORF8:R52I|ORF8:Y73C|N:D3L|N:R203K|N:G204R|N:S235F,Jan
sample_25,synSNP:C913T|orf1ab:K322N|synSNP:C3037T|orf1ab:T1001I|orf1ab:A1708D|synSNP:C5986T|orf1ab:I2230T|orf1ab:P4715L|synSNP:C14676T|synSNP:C15279T|synSNP:T16176C|orf1ab:K5784R|S:N501Y|S:A570D|S:D614G|S:P681H|S:T716I|S:S982A|S:D1118H|ORF8:Q27*|ORF8:R52I|ORF8:Y73C|N:D3L|N:R203K|N:G204R|N:S235F,Jan
sample_26,synSNP:C292T|synSNP:C913T|synSNP:C3037T|orf1ab:T1001I|synSNP:G4285A|orf1ab:A1708D|synSNP:C5986T|orf1ab:I2230T|orf1ab:P4715L|synSNP:C14676T|synSNP:C15279T|synSNP:T16176C|S:N501Y|S:A570D|S:D614G|S:P681H|S:T716I|S:S982A|S:D1118H|synSNP:C25626T|ORF8:Q27*|ORF8:R52I|ORF8:Y73C|N:D3L|N:R203K|N:G204R|N:S235F,Jan
sample_27,synSNP:C913T|synSNP:C3037T|orf1ab:T1001I|orf1ab:A1708D|synSNP:C5986T|orf1ab:I2230T|orf1ab:P4715L|synSNP:C14676T|synSNP:C15279T|synSNP:T16176C|orf1ab:K5784R|orf1ab:E6272G|synSNP:C19854T|S:N501Y|S:A570D|S:D614G|S:P681H|S:T716I|S:S982A|S:D1118H|ORF8:Q27*|ORF8:R52I|ORF8:Y73C|N:D3L|N:R203K|N:G204R|N:S235F,Jan
sample_28,synSNP:C913T|orf1ab:L730F|synSNP:C3037T|orf1ab:T1001I|orf1ab:A1708D|synSNP:C5986T|orf1ab:I2230T|synSNP:C10039T|orf1ab:P4715L|synSNP:C14676T|synSNP:C15279T|synSNP:T16176C|S:N501Y|S:A570D|S:D614G|S:P681H|S:T716I|S:S982A|S:D1118H|ORF7a:L116F|ORF8:Q27*|ORF8:R52I|ORF8:Y73C|N:D3L|N:R203K|N:G204R|N:S235F,Jan
sample_29,synSNP:C913T|synSNP:C3037T|orf1ab:T1001I|orf1ab:A1708D|synSNP:C5986T|orf1ab:I2230T|orf1ab:I2278V|orf1ab:P4715L|synSNP:C14676T|synSNP:C15279T|synSNP:T16176C|orf1ab:K5784R|orf1ab:E6272G|synSNP:C19854T|S:N501Y|S:A570D|S:D614G|S:P681H|S:T716I|S:S982A|S:D1118H|ORF8:Q27*|ORF8:R52I|ORF8:Y73C|N:D3L|N:R203K|N:G204R|N:S235F,Jan
sample_30,synSNP:T445C|orf1ab:I396T|synSNP:C3037T|synSNP:C6286T|synSNP:A7837G|synSNP:C11095T|orf1ab:P4715L|synSNP:G18891A|synSNP:G21255C|S:L18F|S:A222V|S:D614G|synSNP:C24334T|synSNP:C26801G|synSNP:C27944T|N:A220V|ORF10:V30L,Jan
sample_31,synSNP:C913T|synSNP:C3037T|orf1ab:T1001I|orf1ab:A1708D|synSNP:C5986T|orf1ab:I2230T|orf1ab:P4715L|synSNP:C14676T|synSNP:C15279T|synSNP:T16176C|S:N501Y|S:A570D|S:D614G|S:P681H|S:T716I|S:S982A|S:D1118H|ORF8:Q27*|ORF8:R52I|ORF8:Y73C|N:D3L|N:R203K|N:G204R|N:S235F,Jan
sample_32,orf1ab:D144Y|synSNP:C913T|orf1ab:N460Y|synSNP:C3037T|orf1ab:T1001I|synSNP:C4582T|orf1ab:A1708D|synSNP:C5986T|orf1ab:I2230T|orf1ab:L3644F|orf1ab:P4715L|synSNP:C14676T|synSNP:C15279T|synSNP:T16176C|S:N501Y|S:A570D|S:D614G|S:P681H|S:T716I|S:S982A|S:D1118H|S:P1263L|ORF8:Q27*|ORF8:R52I|ORF8:K68*|ORF8:Y73C|ORF8:L118V|N:D3L|N:R203K|N:G204R|N:S235F,Jan
sample_33,synSNP:C913T|synSNP:C3037T|orf1ab:T1001I|synSNP:C4246T|orf1ab:A1708D|synSNP:C5986T|orf1ab:T2181A|orf1ab:I2230T|orf1ab:P4715L|synSNP:C14676T|synSNP:C15279T|synSNP:T16176C|orf1ab:K5784R|orf1ab:E6272G|synSNP:C19854T|synSNP:C22916T|S:N501Y|S:A570D|synSNP:T23323C|S:D614G|S:P681H|S:T716I|S:S982A|S:D1118H|ORF3a:V90F|ORF8:Q27*|ORF8:R52I|ORF8:Y73C|N:D3L|N:R203K|N:G204R|N:S235F,Jan
sample_34,synSNP:C913T|orf1ab:N460Y|synSNP:A2473G|synSNP:C3037T|orf1ab:T1001I|synSNP:C4900T|orf1ab:A1708D|synSNP:C5986T|orf1ab:I2230T|orf1ab:P4715L|synSNP:C14676T|synSNP:C15279T|synSNP:T16176C|S:N501Y|S:A570D|S:D614G|S:P681H|S:T716I|S:S982A|S:D1118H|ORF8:Q27*|ORF8:R52I|ORF8:K68*|ORF8:Y73C|N:D3L|N:R203K|N:G204R|N:S235F,Jan
sample_35,synSNP:T445C|synSNP:C3037T|synSNP:C6286T|orf1ab:A2554V|synSNP:C9745T|orf1ab:A3220V|orf1ab:P4715L|synSNP:G21255C|S:A222V|S:D614G|ORF3a:A99T|synSNP:C26801G|ORF6:E59D|synSNP:C27944T|N:A220V|ORF10:V30L,Jan
sample_36,synSNP:C913T|synSNP:T1501C|synSNP:C3037T|orf1ab:T1001I|orf1ab:A1708D|synSNP:C5986T|orf1ab:I2230T|orf1ab:R4387C|orf1ab:P4715L|synSNP:C14676T|synSNP:C15279T|synSNP:T16176C|orf1ab:K5784R|S:G142S|S:R246K|S:N501Y|S:A570D|S:D614G|S:P681H|S:T716I|synSNP:A24385T|S:S982A|S:D1118H|synSNP:C25096T|synSNP:C25413T|ORF8:Q27*|ORF8:R52I|ORF8:Y73C|N:D3L|N:R203K|N:G204R|N:S235F,Jan
sample_37,synSNP:C913T|synSNP:C3037T|orf1ab:T1001I|orf1ab:G1125C|orf1ab:A1708D|synSNP:C5986T|orf1ab:I2230T|orf1ab:T4265I|orf1ab:P4715L|synSNP:C14676T|synSNP:C15279T|synSNP:T16176C|S:N501Y|S:A570D|S:D614G|S:P681H|S:T716I|S:S982A|S:D1118H|ORF8:Q27*|ORF8:R52I|ORF8:Y73C|N:D3L|N:R203K|N:G204R|N:S235F,Jan
sample_38,synSNP:C913T|orf1ab:L730F|synSNP:C3037T|orf1ab:T1001I|orf1ab:A1708D|synSNP:C5986T|orf1ab:I2230T|orf1ab:S2900L|orf1ab:L3352F|orf1ab:P4715L|synSNP:C14676T|synSNP:C15279T|synSNP:T16176C|S:D138H|S:N501Y|S:A570D|S:D614G|S:P681H|S:T716I|S:S982A|S:D1118H|M:H125Y|ORF8:Q27*|ORF8:R52I|ORF8:Y73C|N:D3L|N:R203K|N:G204R|N:S235F,Jan
sample_39,synSNP:T445C|synSNP:C3037T|synSNP:C6286T|orf1ab:A2554V|synSNP:G8179T|orf1ab:A4577V|orf1ab:P4715L|orf1ab:S4912C|orf1ab:P5624L|orf1ab:R6130C|synSNP:C19524T|synSNP:G21255C|S:L18F|S:A222V|S:D614G|ORF3a:G172V|synSNP:C26801G|synSNP:C27944T|N:A220V|ORF10:V30L,Jan
sample_40,synSNP:C913T|orf1ab:L730F|synSNP:C3037T|orf1ab:T1001I|orf1ab:A1708D|synSNP:C5986T|orf1ab:I2230T|orf1ab:A3939V|orf1ab:P4715L|synSNP:C14676T|synSNP:C15279T|synSNP:T16176C|S:N501Y|S:A570D|S:D614G|S:P681H|S:T716I|S:S982A|S:D1118H|ORF3a:A99V|ORF3a:H150L|ORF8:Q27*|ORF8:R52I|ORF8:Y73C|N:D3L|N:R203K|N:G204R|N:S235F,Jan
sample_41,synSNP:C913T|synSNP:C1060T|synSNP:C3037T|orf1ab:P971L|orf1ab:T1001I|orf1ab:A1708D|synSNP:C5986T|orf1ab:I2230T|orf1ab:P4715L|synSNP:C14676T|synSNP:C15279T|synSNP:T16176C|S:N501Y|S:A570D|S:D614G|S:P681H|S:T716I|S:S982A|S:D1118H|synSNP:C26753T|ORF8:Q27*|ORF8:R52I|ORF8:Y73C|N:D3L|N:R203K|N:G204R|N:S235F,Jan
sample_42,synSNP:C913T|synSNP:C3037T|orf1ab:T1001I|synSNP:C3619T|orf1ab:A1708D|synSNP:C5986T|orf1ab:I2230T|synSNP:C10894T|synSNP:C11020T|orf1ab:P4715L|synSNP:C14478T|synSNP:C14676T|synSNP:C15279T|synSNP:T16176C|S:L18F|S:N501Y|S:A570D|S:D614G|S:P681H|S:T716I|S:S982A|S:D1118H|synSNP:C25006T|ORF8:Q27*|ORF8:R52I|ORF8:Y73C|N:D3L|N:R203K|N:G204R|N:S235F,Jan
sample_43,synSNP:C913T|synSNP:C3037T|orf1ab:T1001I|orf1ab:A1708D|synSNP:C5986T|orf1ab:T2183I|orf1ab:I2230T|orf1ab:F2780L|synSNP:C8947T|orf1ab:M3129V|orf1ab:P4715L|synSNP:C14676T|synSNP:C15279T|synSNP:T16176C|orf1ab:K5784R|orf1ab:A6623V|S:N501Y|S:A570D|S:D614G|S:P681H|S:T716I|S:S982A|S:D1118H|ORF3a:L15F|ORF7a:S44*|ORF8:Q27*|ORF8:R52I|ORF8:Y73C|N:D3L|N:R203K|N:G204R|N:S235F,Jan
sample_44,synSNP:C913T|synSNP:C3037T|orf1ab:T1001I|orf1ab:A1708D|synSNP:C5986T|orf1ab:I2230T|synSNP:C10252T|orf1ab:P4715L|synSNP:C14676T|synSNP:C15279T|synSNP:T16176C|S:N501Y|S:A570D|S:D614G|S:P681H|S:T716I|S:S982A|S:D1118H|ORF8:Q27*|ORF8:R52I|ORF8:Y73C|N:D3L|N:R203K|N:G204R|N:S235F,Jan
sample_45,synSNP:T445C|synSNP:C3037T|orf1ab:S1102G|synSNP:C6286T|orf1ab:P4715L|synSNP:C14529T|synSNP:G21255C|S:L18F|S:A222V|S:D614G|synSNP:G24040T|ORF3a:F114V|synSNP:C26801G|synSNP:C27944T|ORF10:V30L,Jan
sample_46,synSNP:C913T|synSNP:C3037T|orf1ab:T1001I|orf1ab:A1708D|synSNP:C5986T|orf1ab:I2230T|orf1ab:F2780L|orf1ab:P4715L|synSNP:C14676T|synSNP:C15279T|synSNP:T16176C|orf1ab:P5377L|orf1ab:K5784R|synSNP:C21736T|S:N501Y|S:A570D|S:D614G|S:P681H|S:T716I|S:S982A|S:D1118H|ORF3a:L15F|ORF8:Q27*|ORF8:R52I|ORF8:Y73C|N:D3L|N:R203K|N:G204R|N:S235F,Jan
sample_47,synSNP:C913T|synSNP:C3037T|orf1ab:T1001I|orf1ab:A1708D|synSNP:C5986T|orf1ab:I2230T|synSNP:C6968T|orf1ab:P4715L|synSNP:C14676T|synSNP:C15279T|synSNP:T16176C|S:N501Y|S:A570D|S:D614G|S:P681H|S:A706V|S:T716I|S:S982A|S:D1118H|ORF8:Q27*|ORF8:R52I|ORF8:K68*|ORF8:Y73C|N:D3L|N:R203K|N:G204R|N:S235F,Jan
sample_48,synSNP:C913T|synSNP:C3037T|orf1ab:P971L|orf1ab:T1001I|orf1ab:A1708D|synSNP:C5986T|orf1ab:I2230T|orf1ab:V3759I|synSNP:C14676T|synSNP:C15279T|synSNP:T16176C|S:N501Y|S:A570D|S:D614G|S:P681H|S:T716I|S:S982A|S:D1118H|ORF8:Q27*|ORF8:R52I|ORF8:Y73C|N:D3L|N:R203K|N:G204R|N:S235F,Jan
sample_49,synSNP:C1063T|synSNP:C1825A|synSNP:C3037T|synSNP:C4543T|synSNP:G5629T|synSNP:T7288A|orf1ab:M3087I|synSNP:C11497T|orf1ab:A4577S|orf1ab:P4715L|orf1ab:V5168L|orf1ab:K5542R|orf1ab:E5585D|synSNP:C18877T|synSNP:C21306T|S:S477N|S:D614G|ORF3a:Q57H|synSNP:C25710T|synSNP:C26735T|synSNP:T26876C|synSNP:C27059T|N:M234I|N:A376T,Jan
sample_50,synSNP:C913T|synSNP:C3037T|orf1ab:P971L|orf1ab:T1001I|orf1ab:A1708D|synSNP:C5986T|orf1ab:I2230T|orf1ab:R3012K|orf1ab:P4715L|synSNP:C14676T|synSNP:C15279T|synSNP:T16176C|S:N501Y|S:A570D|S:D614G|S:P681H|S:T716I|S:S982A|S:D1118H|ORF8:Q27*|ORF8:R52I|ORF8:Y73C|N:D3L|N:R203K|N:G204R|N:S235F,Jan
sample_51,synSNP:C913T|orf1ab:L730F|synSNP:C3037T|orf1ab:T1001I|synSNP:C5284T|orf1ab:A1708D|synSNP:C5986T|orf1ab:I2230T|orf1ab:P4715L|synSNP:C14676T|synSNP:C15279T|synSNP:T16176C|S:N501Y|synSNP:C23185T|S:A570D|S:D614G|S:P681H|S:T716I|S:S982A|S:D1118H|synSNP:T27597C|ORF8:Q27*|ORF8:R52I|ORF8:Y73C|N:D3L|N:R203K|N:G204R|N:S235F,Jan
sample_52,synSNP:C913T|synSNP:C3037T|orf1ab:T1001I|orf1ab:A1708D|orf1ab:K1895N|synSNP:C5986T|orf1ab:I2230T|orf1ab:M3752I|synSNP:C12970T|orf1ab:P4715L|synSNP:C14676T|synSNP:C15279T|synSNP:T16176C|S:N501Y|S:A570D|S:D614G|S:P681H|S:T716I|S:S982A|S:D1118H|ORF8:Q27*|ORF8:R52I|ORF8:Y73C|N:D3L|N:R203K|N:G204R|N:S235F,Jan
sample_53,synSNP:C913T|synSNP:C3037T|orf1ab:T1001I|orf1ab:A1708D|synSNP:C5986T|orf1ab:I2230T|synSNP:G7675C|orf1ab:F2780L|orf1ab:P4715L|synSNP:C14676T|synSNP:C15279T|synSNP:T16176C|orf1ab:K5784R|S:N501Y|S:A570D|S:D614G|S:P681H|S:T716I|S:S982A|S:D1118H|ORF3a:L15F|ORF8:Q27*|ORF8:R52I|ORF8:Y73C|N:D3L|N:R203K|N:G204R|N:S235F,Jan
sample_54,synSNP:C913T|synSNP:C3037T|orf1ab:T1001I|orf1ab:A1708D|synSNP:C5986T|orf1ab:I2230T|orf1ab:P3395L|orf1ab:A3705V|orf1ab:P4715L|synSNP:C14676T|synSNP:C15279T|synSNP:T16176C|S:N501Y|S:A570D|S:D614G|S:P681H|S:T716I|S:S982A|S:D1118H|ORF8:Q27*|ORF8:R52I|ORF8:Y73C|N:D3L|N:R203K|N:G204R|N:S235F,Jan
sample_55,orf1ab:L4F|synSNP:C913T|orf1ab:L730F|synSNP:C3037T|orf1ab:T1001I|orf1ab:A1708D|synSNP:C5986T|orf1ab:I2230T|orf1ab:P4715L|synSNP:C14676T|synSNP:C15279T|synSNP:T16176C|synSNP:C18888T|S:N501Y|S:A570D|S:D614G|S:P681H|S:T716I|S:S982A|S:D1118H|ORF8:Q27*|ORF8:R52I|ORF8:Y73C|N:D3L|N:R203K|N:G204R|N:S235F,Jan
sample_56,synSNP:C913T|synSNP:C3037T|orf1ab:T1001I|orf1ab:A1708D|synSNP:C5986T|orf1ab:I2230T|synSNP:C8293T|orf1ab:P4715L|synSNP:C14676T|synSNP:C15279T|synSNP:T16176C|synSNP:C16308T|S:N501Y|S:A570D|S:D614G|S:P681H|S:T716I|S:S982A|S:D1118H|ORF8:Q27*|ORF8:R52I|ORF8:Y73C|N:D3L|N:R203K|N:G204R|N:S235F,Jan
sample_57,synSNP:C913T|synSNP:C3037T|orf1ab:T1001I|orf1ab:A1708D|synSNP:C5986T|orf1ab:I2230T|orf1ab:P4715L|synSNP:C14676T|synSNP:C15279T|synSNP:T16176C|S:L5F|S:N501Y|S:A570D|S:D614G|S:P681H|S:T716I|S:S982A|S:D1118H|ORF8:Q27*|ORF8:R52I|ORF8:Y73C|N:D3L|N:R203K|N:G204R|N:S235F,Jan
sample_58,synSNP:C823T|orf1ab:T265I|synSNP:C2113T|synSNP:C3037T|orf1ab:M1312I|synSNP:C7303T|orf1ab:A2508T|orf1ab:G2667C|orf1ab:L3352F|orf1ab:K4176N|orf1ab:P4715L|orf1ab:A5692V|orf1ab:N6054D|orf1ab:S6375R|orf1ab:R7014C|S:D614G|synSNP:C23533T|S:P681H|ORF3a:Q57H|ORF3a:G172V|ORF3a:T223I|ORF8:S24L|N:P67S|N:P199L,Jan
sample_59,synSNP:C913T|synSNP:C3037T|orf1ab:T1001I|orf1ab:A1708D|synSNP:C5884T|synSNP:C5986T|orf1ab:I2230T|synSNP:C11020T|orf1ab:P4715L|synSNP:C14478T|synSNP:C14676T|synSNP:C15279T|orf1ab:T5300I|synSNP:T16176C|orf1ab:P6252S|S:L18F|S:N501Y|S:A570D|S:D614G|S:P681H|S:T716I|S:S982A|S:D1118H|ORF8:Q27*|ORF8:R52I|ORF8:Y73C|N:D3L|N:R203K|N:G204R|N:S235F,Jan
sample_60,synSNP:T445C|orf1ab:L446F|synSNP:C3037T|orf1ab:E1024D|synSNP:T5335C|synSNP:C6286T|synSNP:C9448T|synSNP:T13719C|orf1ab:P4715L|synSNP:G21255C|S:L18F|S:A222V|S:S255F|synSNP:T23287G|S:D614G|synSNP:C24334T|synSNP:C26801G|synSNP:C27131T|ORF7a:T39I|synSNP:C27944T|N:A220V|ORF10:V30L,Jan
sample_61,synSNP:C913T|synSNP:C3037T|orf1ab:T1001I|synSNP:C4573T|orf1ab:A1708D|synSNP:C5986T|orf1ab:I2230T|orf1ab:P4715L|synSNP:C14676T|synSNP:C15279T|synSNP:T16176C|orf1ab:K5784R|synSNP:C19170T|S:N501Y|S:A570D|S:D614G|S:P681H|S:T716I|S:S982A|S:D1118H|ORF8:Q27*|ORF8:R52I|ORF8:A65V|ORF8:Y73C|N:D3L|N:R203K|N:G204R|N:S235F,Jan
sample_62,synSNP:C913T|synSNP:C3037T|orf1ab:T1001I|orf1ab:A1708D|synSNP:C5986T|orf1ab:I2230T|orf1ab:P4715L|synSNP:C14676T|synSNP:C15279T|synSNP:T16176C|S:N501Y|S:A570D|S:D614G|S:P681H|S:T716I|S:S982A|S:D1118H|ORF8:T87I|N:D3L|N:R203K|N:G204R|N:S235F,Jan
sample_63,synSNP:T445C|orf1ab:L454F|orf1ab:K669T|synSNP:C3037T|synSNP:C6286T|synSNP:C7564T|synSNP:C12880T|orf1ab:P4715L|orf1ab:D5103G|orf1ab:E6680K|synSNP:G21255C|S:A222V|S:A262S|S:P272F|S:D614G|synSNP:C26801G|N:A220V|N:P279S|N:L352F|ORF10:V30L,Jan
sample_64,synSNP:C913T|synSNP:C3037T|orf1ab:T1001I|orf1ab:T1521I|orf1ab:A1708D|synSNP:C5986T|orf1ab:I2230T|orf1ab:E3310N|orf1ab:P4715L|synSNP:C14676T|synSNP:C15279T|orf1ab:T5195N|synSNP:T16176C|S:N501Y|S:A570D|S:D614G|S:P681H|S:T716I|S:S982A|S:D1118H|ORF3a:K61I|ORF8:Q27*|ORF8:R52I|ORF8:Y73C|N:D3L|N:R203K|N:G204R|N:S235F,Jan
sample_65,synSNP:C913T|synSNP:C3037T|orf1ab:P971L|orf1ab:T1001I|orf1ab:A1708D|synSNP:C5986T|orf1ab:I2230T|orf1ab:R3012K|orf1ab:P4715L|synSNP:C14676T|synSNP:C15279T|synSNP:T16176C|S:N501Y|synSNP:C23086T|S:A570D|S:D614G|S:P681H|S:T716I|S:S982A|S:D1118H|ORF8:Q27*|ORF8:R52I|ORF8:Y73C|N:D3L|N:R203K|N:G204R|N:S235F,Jan
sample_66,synSNP:C913T|synSNP:C1912T|synSNP:C3037T|orf1ab:T1001I|orf1ab:G1125C|orf1ab:A1708D|synSNP:C5986T|orf1ab:I2230T|orf1ab:P4715L|synSNP:C14676T|synSNP:C15279T|synSNP:T16176C|synSNP:C20823T|synSNP:C21691T|S:N501Y|S:A570D|S:D614G|S:P681H|S:T716I|S:S982A|S:D1118H|ORF8:Q27*|ORF8:R52I|ORF8:Y73C|N:D3L|N:R203K|N:G204R|N:S235F,Jan
sample_67,synSNP:C913T|synSNP:C3037T|orf1ab:T1001I|orf1ab:A1708D|synSNP:C5986T|orf1ab:I2230T|orf1ab:P4715L|synSNP:C14676T|synSNP:C15279T|synSNP:T16176C|orf1ab:K5784R|S:N501Y|S:A570D|S:D614G|S:P681H|S:T716I|S:S982A|S:D1118H|M:T77I|ORF8:Q27*|ORF8:R52I|ORF8:Y73C|N:D3L|N:R203K|N:G204R|N:S235F,Jan
sample_68,synSNP:C643T|synSNP:C913T|synSNP:G2659A|synSNP:C3037T|orf1ab:T1001I|orf1ab:A1708D|synSNP:C5986T|orf1ab:I2230T|synSNP:G13459A|orf1ab:P4715L|synSNP:C14676T|synSNP:C15279T|synSNP:T16176C|orf1ab:V6937I|S:N501Y|S:A570D|S:D614G|S:P681H|S:T716I|S:S982A|S:D1118H|ORF8:Q27*|ORF8:R52I|ORF8:Y73C|N:D3L|N:R203K|N:G204R|N:S235F,Jan
sample_69,synSNP:C913T|synSNP:C3037T|orf1ab:T1001I|orf1ab:A1708D|synSNP:C5986T|orf1ab:I2230T|orf1ab:M3752I|synSNP:C12970T|orf1ab:P4715L|synSNP:C14676T|synSNP:C15279T|synSNP:T16176C|S:R214L|S:N501Y|S:A570D|S:D614G|S:P681H|S:T716I|S:S982A|S:D1118H|ORF8:Q27*|ORF8:R52I|ORF8:Y73C|N:D3L|N:R203K|N:G204R|N:S235F,Jan
sample_70,synSNP:C913T|synSNP:C3037T|orf1ab:T1001I|orf1ab:A1708D|synSNP:C5986T|orf1ab:I2230T|orf1ab:I2538V|orf1ab:D4501Y|orf1ab:P4715L|synSNP:C14676T|synSNP:C15279T|synSNP:T16176C|S:G219S|S:N501Y|S:A570D|S:D614G|S:P681H|S:T716I|S:S982A|S:D1118H|ORF8:Q27*|ORF8:R52I|ORF8:Y73C|N:D3L|N:R203K|N:G204R|N:S235F,Jan
sample_71,synSNP:C913T|orf1ab:S771N|synSNP:C3037T|orf1ab:T1001I|orf1ab:A1708D|synSNP:C5986T|orf1ab:I2230T|synSNP:C12970T|orf1ab:P4715L|synSNP:C14676T|synSNP:C15279T|synSNP:T16176C|S:N501Y|S:A570D|S:D614G|S:P681H|S:T716I|S:P812S|S:S982A|S:D1118H|ORF3a:K16N|synSNP:A27932G|ORF8:Q27*|ORF8:R52I|ORF8:Y73C|N:D3L|N:R203K|N:G204R|N:S235F,Jan
sample_72,orf1ab:D144Y|synSNP:C913T|orf1ab:N460Y|synSNP:C3037T|orf1ab:T1001I|synSNP:C4582T|orf1ab:A1708D|synSNP:C5986T|orf1ab:I2230T|orf1ab:P4715L|synSNP:C14676T|synSNP:C15279T|synSNP:T16176C|S:N501Y|S:A570D|S:D614G|S:P681H|S:T716I|S:S982A|S:D1118H|ORF8:Q27*|ORF8:R52I|ORF8:K68*|ORF8:Y73C|ORF8:L118V|N:D3L|N:R203K|N:G204R|N:S235F,Jan
sample_73,synSNP:C913T|orf1ab:L730F|synSNP:C3037T|orf1ab:T1001I|orf1ab:A1708D|synSNP:C5986T|orf1ab:I2230T|orf1ab:P4715L|synSNP:C14676T|synSNP:C15279T|synSNP:T16176C|synSNP:C21306T|S:D138H|S:N501Y|S:A570D|S:D614G|S:P681H|S:T716I|S:S982A|S:D1118H|ORF8:Q27*|ORF8:R52I|ORF8:Y73C|N:D3L|N:R203K|N:G204R|N:S235F|synSNP:A29188T,Jan
sample_74,synSNP:T445C|synSNP:C3037T|synSNP:C6286T|synSNP:C10681T|orf1ab:P4715L|orf1ab:H5005Y|synSNP:G21255C|S:L18F|S:A222V|S:D614G|synSNP:C24334T|synSNP:C26801G|synSNP:C27944T|N:A220V|ORF10:V30L,Jan
sample_75,orf1ab:L360S|orf1ab:A876T|synSNP:C3037T|synSNP:A4291T|orf1ab:G2269D|synSNP:C7948T|synSNP:C8326T|synSNP:C8683T|synSNP:A10585G|orf1ab:P4715L|orf1ab:A5048S|synSNP:C16260T|synSNP:C16954T|orf1ab:A6533V|orf1ab:T6566A|synSNP:C21637T|S:A222V|S:D614G|synSNP:A28169G|N:Q9H|N:R203K|N:G204R,Jan
sample_76,synSNP:C913T|synSNP:C2137T|synSNP:C3037T|orf1ab:T1001I|orf1ab:A1708D|synSNP:C5986T|orf1ab:I2230T|synSNP:T12760C|synSNP:C14676T|synSNP:C15279T|synSNP:T16176C|synSNP:T21847G|S:K417N|S:N501Y|S:A570D|S:D614G|S:P681H|S:T716I|S:S982A|S:D1118H|synSNP:A27663G|ORF8:Q27*|ORF8:R52I|ORF8:Y73C|N:D3L|N:R203K|N:G204R|N:S235F,Jan
sample_77,synSNP:T445C|synSNP:C1513T|synSNP:C3037T|synSNP:C4543T|synSNP:C6286T|synSNP:C11747T|orf1ab:P4715L|synSNP:G21255C|S:A222V|S:A262S|S:P272L|S:D614G|synSNP:C25000T|ORF3a:K21N|ORF3a:A54V|synSNP:C26801G|synSNP:C27143T|N:A220V|ORF10:V30L,Jan
sample_78,synSNP:C913T|synSNP:C3037T|orf1ab:T1001I|synSNP:C5144T|orf1ab:A1708D|synSNP:C5986T|orf1ab:I2230T|orf1ab:T4031I|synSNP:T12865C|orf1ab:M4502V|orf1ab:P4715L|synSNP:C14676T|synSNP:T15096C|synSNP:C15279T|synSNP:T16176C|S:N501Y|S:A570D|S:D614G|S:P681H|S:T716I|S:S982A|S:D1118H|ORF8:Q27*|ORF8:R52I|ORF8:K68*|ORF8:Y73C|N:D3L|N:G200C|N:R203K|N:G204R|N:S235F,Jan
sample_79,synSNP:C913T|synSNP:C3037T|orf1ab:T1001I|orf1ab:A1708D|synSNP:C5986T|orf1ab:I2230T|orf1ab:P4715L|synSNP:C14676T|synSNP:C15279T|synSNP:T16176C|S:N501Y|S:A570D|S:D614G|S:P681H|S:T716I|S:S982A|S:D1118H|ORF8:Q27*|ORF8:R52I|ORF8:Y73C|N:D3L|N:R203K|N:G204R|N:S235F,Jan
sample_80,synSNP:C913T|orf1ab:N460Y|synSNP:A2473G|synSNP:C3037T|orf1ab:T1001I|orf1ab:A1708D|synSNP:C5986T|orf1ab:I2230T|orf1ab:P4715L|synSNP:C14676T|synSNP:C15279T|synSNP:T16176C|S:N501Y|S:A570D|S:D614G|S:P681H|S:T716I|S:S982A|S:D1118H|ORF8:Q27*|ORF8:R52I|ORF8:K68*|ORF8:Y73C|N:D3L|N:R203K|N:G204R|N:S235F,Jan
sample_81,synSNP:T628C|synSNP:C913T|synSNP:C3037T|orf1ab:T1001I|orf1ab:A1708D|synSNP:C5986T|orf1ab:I2230T|orf1ab:P4715L|synSNP:C14676T|synSNP:C15279T|synSNP:T16176C|S:N501Y|S:A570D|S:D614G|S:P681H|S:T716I|S:S982A|S:D1118H|ORF8:Q27*|ORF8:R52I|ORF8:Y73C|N:D3L|N:R203K|N:G204R|N:S235F,Jan
sample_82,synSNP:C913T|orf1ab:L730F|synSNP:C3037T|orf1ab:T1001I|orf1ab:A1708D|synSNP:C5512T|synSNP:C5986T|orf1ab:S2114F|orf1ab:I2230T|orf1ab:P4715L|synSNP:C14676T|synSNP:C15279T|synSNP:T16176C|orf1ab:T5956I|S:N501Y|S:A570D|S:D614G|S:P681H|S:T716I|S:S982A|S:D1118H|ORF3a:L85F|ORF8:Q27*|ORF8:R52I|ORF8:Y73C|N:D3L|N:R203K|N:G204R|N:S235F,Jan
sample_83,synSNP:T451G|synSNP:C913T|synSNP:C3037T|orf1ab:T1001I|orf1ab:N1555S|orf1ab:A1708D|synSNP:C5986T|orf1ab:I2230T|orf1ab:T3095I|orf1ab:P4715L|synSNP:C14676T|synSNP:C15279T|synSNP:T16176C|S:S98F|S:N501Y|S:A570D|S:D614G|S:P681H|S:T716I|S:S982A|S:D1118H|ORF8:Q27*|ORF8:R52I|ORF8:Y73C|N:D3L|N:R203K|N:G204R|N:S235F,Jan
sample_84,synSNP:T445C|orf1ab:L104I|synSNP:C3037T|synSNP:T3718C|synSNP:C6286T|synSNP:T12436C|orf1ab:P4715L|synSNP:C19185T|synSNP:G21255C|S:A222V|S:D614G|synSNP:C23896T|S:D1163Y|S:G1167V|synSNP:C26801G|ORF8:P36S|synSNP:C28253T|N:P13S|synSNP:C28657T|N:A220V|N:P365S|ORF10:V30L,Jan
sample_85,synSNP:C913T|synSNP:C3037T|orf1ab:T1001I|orf1ab:A1708D|synSNP:C5986T|orf1ab:I2230T|orf1ab:P4715L|synSNP:C14599T|synSNP:C14676T|synSNP:C15279T|synSNP:T16176C|S:N501Y|S:A570D|S:D614G|S:P681H|S:T716I|S:S982A|S:D1118H|ORF8:Q27*|ORF8:R52I|ORF8:Y73C|N:D3L|N:R203K|N:G204R|N:S235F,Jan
sample_86,synSNP:C913T|synSNP:C3037T|orf1ab:T1001I|orf1ab:A1708D|synSNP:C5986T|orf1ab:I2230T|synSNP:G8017T|orf1ab:P4715L|synSNP:C14676T|synSNP:C15279T|synSNP:T16176C|S:N501Y|S:A570D|S:D614G|S:P681H|S:T716I|S:S982A|S:D1118H|ORF8:Q27*|ORF8:R52I|ORF8:Y73C|N:D3L|N:R203K|N:G204R|N:S235F,Jan
sample_87,synSNP:C913T|synSNP:C3037T|orf1ab:T1001I|orf1ab:E1142K|orf1ab:A1708D|synSNP:C5986T|orf1ab:I2230T|orf1ab:P4715L|synSNP:C14676T|synSNP:C15279T|synSNP:T16176C|orf1ab:K5784R|orf1ab:E6272G|synSNP:C19854T|S:N501Y|S:A570D|synSNP:T23323C|S:D614G|S:P681H|S:T716I|S:S982A|S:D1118H|ORF3a:V90F|ORF8:Q27*|ORF8:R52I|ORF8:V62A|ORF8:Y73C|N:D3L|N:R203K|N:G204R|N:S235F,Jan
sample_88,synSNP:C913T|synSNP:C3037T|orf1ab:T1001I|synSNP:T4792C|orf1ab:A1708D|synSNP:C5986T|orf1ab:I2230T|synSNP:C12295T|orf1ab:P4715L|synSNP:C14676T|synSNP:C15279T|synSNP:T16176C|S:N501Y|S:A570D|S:D614G|S:P681H|S:T716I|S:S982A|S:D1118H|M:A2S|ORF8:Q27*|ORF8:R52I|ORF8:Y73C|N:D3L|N:R203K|N:G204R|N:S235F,Jan
sample_89,synSNP:C913T|synSNP:C3037T|orf1ab:P971L|orf1ab:T1001I|orf1ab:A1708D|synSNP:C5986T|orf1ab:I2230T|orf1ab:A2994V|synSNP:A11830G|orf1ab:P4715L|synSNP:C14676T|synSNP:C15279T|synSNP:T16176C|S:N501Y|S:A570D|S:D614G|S:P681H|S:T716I|S:S982A|S:D1118H|ORF8:Q27*|ORF8:R52I|ORF8:Y73C|N:D3L|N:R203K|N:G204R|N:S235F,Jan
sample_90,synSNP:C913T|orf1ab:N460Y|synSNP:C3037T|orf1ab:T1001I|orf1ab:A1708D|synSNP:C5986T|orf1ab:I2230T|orf1ab:P4715L|synSNP:C14676T|synSNP:C15279T|synSNP:T16176C|S:N501Y|S:A570D|S:D614G|S:V622F|S:P681H|S:T716I|S:S982A|S:D1118H|ORF8:Q27*|ORF8:R52I|ORF8:K68*|ORF8:Y73C|ORF8:L118V|N:D3L|N:R203K|N:G204R|N:S235F,Jan
sample_91,synSNP:T445C|synSNP:C3037T|orf1ab:S966F|synSNP:C6286T|orf1ab:L3711F|orf1ab:P4715L|synSNP:G21255C|S:L18F|S:D215H|S:A222V|S:D614G|synSNP:C26801G|synSNP:C27944T|synSNP:C28717T|N:A220V|ORF10:V30L,Jan
sample_92,synSNP:C913T|synSNP:C3037T|orf1ab:T1001I|orf1ab:A1708D|synSNP:C5986T|orf1ab:I2230T|orf1ab:L3606F|orf1ab:P4715L|synSNP:C14676T|synSNP:C15279T|synSNP:T16176C|S:N501Y|S:A570D|S:D614G|S:P681H|S:T716I|S:S982A|S:D1118H|ORF8:Q27*|ORF8:R52I|ORF8:Y73C|N:D3L|N:R203K|N:G204R|N:S235F,Jan
sample_93,synSNP:C913T|synSNP:C3037T|orf1ab:T1001I|orf1ab:T1246S|orf1ab:A1708D|synSNP:C5986T|orf1ab:I2230T|orf1ab:P4715L|synSNP:C14676T|synSNP:C15279T|synSNP:T16176C|orf1ab:P5402S|orf1ab:K5784R|S:N501Y|S:A570D|S:D614G|S:P681H|S:T716I|S:S982A|S:D1118H|ORF8:Q27*|ORF8:R52I|ORF8:Y73C|N:D3L|N:R203K|N:G204R|N:S235F,Jan
sample_94,synSNP:C913T|synSNP:C3037T|orf1ab:T1001I|orf1ab:A1708D|synSNP:C5986T|orf1ab:T2181I|orf1ab:I2230T|orf1ab:P4715L|synSNP:C14676T|synSNP:C15279T|synSNP:T16176C|S:N501Y|S:A570D|S:D614G|S:P681H|S:T716I|S:S982A|S:D1118H|ORF8:Q27*|ORF8:R52I|ORF8:Y73C|N:D3L|N:R203K|N:G204R|N:S235F,Jan
sample_95,synSNP:C913T|synSNP:C3037T|orf1ab:T1001I|orf1ab:A1708D|synSNP:C5986T|orf1ab:I2230T|synSNP:C12115T|orf1ab:P4715L|synSNP:C14676T|synSNP:C15279T|synSNP:T16176C|orf1ab:K5784R|S:N501Y|S:A570D|S:D614G|S:P681H|S:T716I|S:S982A|S:D1118H|ORF3a:V77F|ORF8:Q27*|ORF8:R52I|ORF8:Y73C|N:D3L|N:R203K|N:G204R|N:S235F,Jan
sample_96,synSNP:C913T|synSNP:C3037T|orf1ab:T1001I|orf1ab:A1708D|synSNP:C5986T|orf1ab:S2224F|orf1ab:I2230T|orf1ab:S2553F|orf1ab:P4715L|synSNP:C14676T|orf1ab:A4835V|synSNP:C15279T|synSNP:T16176C|synSNP:C22480T|S:N501Y|S:A570D|S:D614G|S:P681H|S:T716I|S:S982A|S:D1118H|ORF8:Q27*|ORF8:R52I|ORF8:Y73C|N:D3L|N:R203K|N:G204R|N:S235F,Jan
sample_97,orf1ab:H165Y|synSNP:C913T|synSNP:C3037T|orf1ab:T1001I|orf1ab:A1708D|synSNP:C5986T|orf1ab:I2230T|synSNP:G12079A|orf1ab:Q3966R|orf1ab:P4715L|synSNP:C14676T|synSNP:C15279T|synSNP:T16176C|orf1ab:K5784R|S:N501Y|S:A570D|S:D614G|S:P681H|S:T716I|S:S982A|S:D1118H|synSNP:C26907T|synSNP:C27684T|ORF8:Q27*|ORF8:R52I|ORF8:Y73C|N:D3L|N:R203K|N:G204R|N:S235F,Jan
sample_98,synSNP:C913T|synSNP:C3037T|orf1ab:T1001I|synSNP:T4147C|orf1ab:L1346F|orf1ab:A1708D|synSNP:C5986T|orf1ab:L2105P|orf1ab:I2230T|orf1ab:P4715L|synSNP:C14676T|synSNP:C14805T|synSNP:C15279T|synSNP:T16176C|S:N501Y|S:A570D|S:D614G|S:P681H|S:T716I|S:S982A|S:D1118H|synSNP:T26463G|M:L87F|ORF8:Q27*|ORF8:R52I|ORF8:Y73C|N:D3L|N:R203K|N:G204R|N:S235F|N:H300Y,Jan
sample_99,synSNP:C3037T|orf1ab:K1895N|orf1ab:D1939N|synSNP:T8041C|orf1ab:G3334S|synSNP:C11758T|orf1ab:P4715L|synSNP:A15972G|orf1ab:T6485I|synSNP:C22009T|S:D614G|S:Q677H|synSNP:C27213T|ORF8:V62L|synSNP:T28759C|N:R203K|N:G204R|N:D401Y,Jan
sample_100,synSNP:C913T|synSNP:C3037T|orf1ab:T1001I|orf1ab:A1708D|synSNP:C5986T|orf1ab:T2124I|orf1ab:I2230T|orf1ab:P4715L|synSNP:C14676T|synSNP:C15279T|synSNP:T16176C|synSNP:G22468T|S:N501Y|S:A570D|S:D614G|S:P681H|S:T716I|S:S982A|S:D1118H|ORF8:Q27*|ORF8:R52I|ORF8:Y73C|N:D3L|N:R203K|N:G204R|N:S235F,Jan
sample_101,synSNP:C3037T|orf1ab:A1306S|orf1ab:T1754N|orf1ab:P2046L|orf1ab:P2287S|synSNP:C8986T|orf1ab:V2930L|orf1ab:T3255I|orf1ab:T3646A|synSNP:A11332G|orf1ab:L3915F|orf1ab:P4715L|orf1ab:G5063S|orf1ab:P5401L|orf1ab:A6319V|S:T19R|S:G142D|S:L452R|S:T478K|S:D614G|S:P681R|S:D950N|synSNP:G24928T|ORF3a:S26L|M:I82T|ORF7a:V82A|ORF7a:T120I|N:D63G|N:R203M|N:G215C|N:S327L|N:W330L|N:D377Y,Aug
sample_102,synSNP:T2047C|synSNP:C3037T|synSNP:C3775T|orf1ab:A1306S|orf1ab:P2046L|orf1ab:P2287S|orf1ab:A2529V|synSNP:C8986T|orf1ab:V2930L|orf1ab:T3255I|orf1ab:T3646A|synSNP:A11332G|orf1ab:P4715L|orf1ab:G5063S|orf1ab:P5401L|orf1ab:A6319V|orf1ab:S6343I|synSNP:T21048C|orf1ab:S7074I|S:T19R|S:T95I|S:L452R|S:T478K|S:D614G|S:P681R|S:D950N|ORF3a:S26L|M:I82T|synSNP:C27513T|ORF7a:V82A|ORF7a:T120I|N:D63G|N:T135I|N:R203M|N:G215C|N:D377Y,Aug
sample_103,synSNP:A1741G|synSNP:C3037T|orf1ab:P1054L|orf1ab:A1306S|orf1ab:P2046L|orf1ab:P2287S|orf1ab:A2529V|synSNP:C8986T|orf1ab:V2930L|orf1ab:T3255I|orf1ab:T3646A|synSNP:A11332G|orf1ab:P4715L|orf1ab:G5063S|orf1ab:P5401L|orf1ab:T5451I|orf1ab:A6319V|S:T19R|S:T95I|S:G142D|S:L452R|S:T478K|synSNP:C23248T|S:D614G|S:P681R|S:D950N|ORF3a:S26L|M:I82T|ORF7a:V82A|ORF7a:T120I|N:D63G|N:R203M|N:G215C|N:D377Y,Aug
sample_104,synSNP:C3037T|orf1ab:A1306S|orf1ab:P2046L|orf1ab:P2287S|orf1ab:A2529V|synSNP:C8986T|orf1ab:V2930L|orf1ab:T3255I|orf1ab:T3646A|synSNP:A11332G|synSNP:C12823T|orf1ab:P4715L|orf1ab:G5063S|synSNP:T15939C|orf1ab:P5401L|synSNP:T17040C|synSNP:T17763C|orf1ab:A6319V|S:T19R|S:T95I|S:G142D|S:L452R|S:T478K|S:D614G|S:P681R|S:D950N|ORF3a:S26L|M:I82T|synSNP:C26882T|ORF7a:V82A|ORF7a:T120I|N:D63G|N:R203M|N:G215C|N:D377Y,Aug
sample_105,synSNP:C3037T|orf1ab:A1306S|synSNP:C5392T|orf1ab:P2046L|orf1ab:P2287S|orf1ab:A2529V|synSNP:C8299T|synSNP:C8986T|orf1ab:V2930L|orf1ab:T3255I|orf1ab:F3422L|orf1ab:T3646A|synSNP:A11332G|orf1ab:P4715L|synSNP:T15258C|orf1ab:L5028F|orf1ab:G5063S|orf1ab:P5401L|orf1ab:A6319V|S:T19R|S:T95I|S:G142D|S:L452R|S:T478K|S:D614G|S:P681R|S:D950N|ORF3a:S26L|M:I82T|ORF7a:V82A|ORF7a:T120I|N:D63G|N:R203M|N:G215C|N:D377Y,Aug
sample_106,synSNP:C2701T|synSNP:C3037T|orf1ab:A1306S|synSNP:C5512T|orf1ab:P2046L|orf1ab:P2287S|synSNP:C8986T|orf1ab:V2930L|orf1ab:T3255I|orf1ab:T3646A|synSNP:A11332G|orf1ab:P4715L|orf1ab:G5063S|orf1ab:P5401L|orf1ab:A6319V|S:T19R|S:G142D|S:L452R|S:T478K|S:D614G|S:P681R|S:D950N|synSNP:G24928T|ORF3a:S26L|M:I82T|ORF7a:P34L|ORF7a:T120I|N:D63G|N:R203M|N:G215C|N:S327L|N:D377Y,Aug
sample_107,synSNP:C3037T|orf1ab:A1306S|orf1ab:P2046L|orf1ab:P2287S|orf1ab:A2529V|synSNP:C8986T|orf1ab:V2930L|orf1ab:T3255I|orf1ab:T3646A|synSNP:A11332G|orf1ab:I3771L|orf1ab:P4715L|orf1ab:G5063S|orf1ab:P5401L|synSNP:T17040C|orf1ab:A6319V|S:T19R|S:T95I|S:G142D|S:L452R|S:T478K|S:D614G|S:P681R|S:D950N|ORF3a:S26L|M:I82T|ORF7a:G38*|ORF7a:V82A|ORF7a:T120I|N:D63G|N:R203M|N:G215C|N:D377Y,Aug
sample_108,orf1ab:E870D|synSNP:C3037T|orf1ab:E1210D|orf1ab:A1306S|orf1ab:A1485V|orf1ab:L1680F|orf1ab:P2046L|orf1ab:P2287S|orf1ab:A2529V|synSNP:C8986T|orf1ab:V2930L|orf1ab:T3255I|orf1ab:T3646A|synSNP:A11332G|orf1ab:P4715L|orf1ab:H5005Y|orf1ab:G5063S|orf1ab:P5401L|orf1ab:V5571F|synSNP:T17040C|synSNP:G17427T|orf1ab:A6319V|S:T19R|S:T95I|S:G142D|S:L452R|S:T478K|S:D614G|S:P681R|S:D950N|ORF3a:S26L|M:I82T|ORF7a:V82A|ORF7a:T120I|N:D63G|N:R203M|N:G215C|N:D377Y,Aug
sample_109,synSNP:C3037T|orf1ab:P1220L|orf1ab:A1306S|orf1ab:P2046L|synSNP:C6730T|orf1ab:P2287S|orf1ab:A2529V|synSNP:C8986T|orf1ab:V2930L|orf1ab:T3255I|orf1ab:K3351R|orf1ab:T3646A|synSNP:A11332G|orf1ab:P4715L|orf1ab:G5063S|orf1ab:D5271N|orf1ab:P5401L|orf1ab:A6319V|S:T19R|S:T95I|S:G142D|S:L452R|S:T478K|S:D614G|S:P681R|S:D950N|synSNP:C24919T|ORF3a:S26L|E:D72Y|M:I82T|ORF7a:H73Y|ORF7a:V82A|ORF7a:T120I|N:D63G|N:R203M|N:G215C|N:D377Y,Aug
sample_110,synSNP:C3037T|orf1ab:A1306S|orf1ab:A1473V|orf1ab:P2046L|orf1ab:P2287S|orf1ab:A2529V|orf1ab:A2891T|synSNP:C8986T|orf1ab:V2930L|orf1ab:T3255I|orf1ab:T3646A|synSNP:A11332G|orf1ab:P4715L|orf1ab:G5063S|orf1ab:P5401L|synSNP:T17040C|orf1ab:A6319V|synSNP:C19524T|S:T19R|S:T95I|S:G142D|S:L452R|S:T478K|S:D614G|S:P681R|S:D950N|ORF3a:S26L|E:R69I|M:I82T|ORF7a:V82A|ORF7a:T120I|N:D63G|synSNP:C28849T|N:R203M|N:G215C|N:S232G|N:D377Y,Aug
sample_111,synSNP:C3037T|orf1ab:A1306S|orf1ab:P2046L|orf1ab:P2287S|orf1ab:A2529V|synSNP:C8986T|orf1ab:V2930L|orf1ab:T3255I|orf1ab:T3646A|synSNP:A11332G|orf1ab:P4715L|orf1ab:G5063S|orf1ab:P5401L|orf1ab:A6319V|S:T19R|S:T95I|S:G142D|S:L452R|S:T478K|S:D614G|S:P681R|S:D950N|synSNP:T25123C|ORF3a:S26L|M:I82T|ORF7a:V82A|ORF7a:T120I|N:D63G|N:R203M|N:G215C|N:D377Y,Aug
sample_112,orf1ab:P6L|synSNP:C3037T|orf1ab:A1306S|orf1ab:F1544L|orf1ab:P2046L|orf1ab:V2130A|orf1ab:P2287S|orf1ab:M2347L|synSNP:C8986T|orf1ab:V2930L|orf1ab:T3255I|orf1ab:T3646A|synSNP:A11332G|orf1ab:P4715L|orf1ab:G5063S|orf1ab:L5230I|orf1ab:P5401L|synSNP:C18744T|orf1ab:A6319V|S:T19R|S:G142D|S:L452R|S:T478K|S:D614G|S:P681R|S:D950N|synSNP:C24904T|ORF3a:S26L|synSNP:C26681T|M:I82T|ORF7a:V82A|ORF7a:T120I|N:Q9L|N:D63G|N:R203M|N:G215C|N:D377Y,Aug
sample_113,synSNP:C3037T|orf1ab:A1306S|orf1ab:P2046L|orf1ab:S2048F|orf1ab:P2287S|synSNP:C8878T|synSNP:C8986T|orf1ab:V2930L|orf1ab:T3255I|orf1ab:K3353R|orf1ab:T3646A|synSNP:A11332G|synSNP:T11974C|orf1ab:P4715L|orf1ab:G5063S|orf1ab:P5401L|orf1ab:P5828S|orf1ab:A6319V|orf1ab:K6486E|orf1ab:T6500I|S:T19R|S:V83F|S:T95I|S:G142D|S:L452R|S:T478K|synSNP:C23248T|S:D614G|S:P681R|S:D950N|synSNP:A25003G|ORF3a:S26L|M:I82T|ORF7a:V82A|ORF7a:T120I|N:D63G|synSNP:T28618A|N:R203M|N:G215C|N:D377Y,Aug
sample_114,synSNP:C3037T|orf1ab:A1306S|orf1ab:P2046L|orf1ab:P2287S|orf1ab:A2529V|synSNP:C8986T|orf1ab:V2930L|orf1ab:T3255I|orf1ab:T3646A|synSNP:A11332G|orf1ab:P4715L|orf1ab:G5063S|orf1ab:P5401L|orf1ab:A6319V|S:T19R|S:T95I|S:G142D|synSNP:G22051C|S:L452R|S:T478K|S:D614G|S:P681R|S:D950N|ORF3a:S26L|M:I82T|ORF7a:V82A|ORF7a:T120I|N:D63G|N:R203M|N:G215C|N:D377Y,Aug
sample_115,orf1ab:P309S|synSNP:C3037T|orf1ab:A1306S|orf1ab:P2046L|orf1ab:P2287S|orf1ab:A2529V|synSNP:C8986T|orf1ab:V2930L|synSNP:T9070C|orf1ab:T3255I|orf1ab:T3646A|synSNP:A11332G|orf1ab:P4715L|orf1ab:G5063S|orf1ab:P5401L|orf1ab:H5788Y|orf1ab:A6319V|S:T19R|S:T95I|S:L452R|S:T478K|synSNP:T23335C|S:D614G|S:P681R|synSNP:C25452T|ORF3a:S26L|synSNP:C25587T|M:I82T|ORF7a:V82A|ORF7a:T120I|N:D63G|N:R203M|N:G215C|N:D377Y,Aug
sample_116,synSNP:C3037T|orf1ab:A1306S|synSNP:T4237C|orf1ab:T1496I|orf1ab:P2046L|orf1ab:P2287S|orf1ab:A2529V|synSNP:C8986T|orf1ab:V2930L|orf1ab:A2994V|orf1ab:T3255I|orf1ab:T3646A|synSNP:A11332G|orf1ab:P4715L|synSNP:G14622A|orf1ab:G5063S|orf1ab:P5401L|synSNP:T17040C|orf1ab:A6319V|S:T19R|S:T95I|S:L452R|S:T478K|S:D614G|S:P681R|S:D950N|ORF3a:S26L|M:I82T|ORF7a:V82A|ORF7a:T120I|N:D63G|N:R203M|N:G215C|N:D377Y,Aug
sample_117,orf1ab:T403I|synSNP:C3037T|orf1ab:A1306S|orf1ab:P2046L|orf1ab:P2287S|orf1ab:A2529V|synSNP:C8986T|orf1ab:V2930L|orf1ab:T3255I|orf1ab:T3646A|synSNP:A11332G|orf1ab:P4715L|synSNP:T15264C|orf1ab:G5063S|orf1ab:P5401L|orf1ab:A6319V|S:T19R|S:T95I|S:L452R|S:T478K|S:D614G|synSNP:T23569C|S:P681R|S:D950N|ORF3a:S26L|ORF3a:G100C|M:I82T|ORF7a:V82A|ORF7a:T120I|ORF8:Y31H|N:D63G|N:R203M|N:G215C|N:D377Y,Aug
sample_118,synSNP:C3037T|orf1ab:A1306S|synSNP:C5869T|synSNP:C5986T|orf1ab:E1909A|orf1ab:P2046L|orf1ab:P2287S|orf1ab:A2529V|synSNP:C8986T|orf1ab:V2930L|orf1ab:T3255I|orf1ab:T3646A|synSNP:A11332G|synSNP:A11755G|orf1ab:P4715L|orf1ab:G5063S|orf1ab:P5401L|orf1ab:E6129D|orf1ab:A6319V|S:T19R|S:T95I|S:G142D|S:L452R|S:T478K|S:D614G|S:P681R|S:A688V|S:D950N|ORF3a:S26L|ORF3a:D155Y|M:I82T|ORF7a:V82A|ORF7a:T120I|N:D63G|N:R203M|N:G215C|N:D377Y,Aug
sample_119,synSNP:C1825A|synSNP:C3037T|orf1ab:A1306S|orf1ab:P2046L|orf1ab:P2287S|orf1ab:A2529V|synSNP:C8986T|orf1ab:V2930L|orf1ab:T3255I|orf1ab:T3646A|synSNP:A11332G|orf1ab:P4715L|orf1ab:G5063S|orf1ab:P5401L|orf1ab:H5951Y|orf1ab:A6319V|S:T19R|S:T95I|S:G142D|S:L452R|S:T478K|S:D614G|S:P681R|S:D950N|S:I1210V|ORF3a:S26L|M:I82T|ORF7a:V82A|ORF7a:T120I|N:D63G|N:R203M|N:G215C|N:D377Y,Aug
sample_120,synSNP:C601T|synSNP:C3037T|orf1ab:A1306S|orf1ab:P2046L|orf1ab:P2287S|orf1ab:A2529V|synSNP:C8986T|orf1ab:V2930L|orf1ab:A2994V|orf1ab:T3255I|orf1ab:T3646A|synSNP:A11332G|synSNP:C13432T|orf1ab:P4715L|orf1ab:G5063S|orf1ab:P5401L|synSNP:C17004T|synSNP:T17040C|synSNP:C17403T|orf1ab:A6319V|orf1ab:V6624L|S:T19R|S:T95I|S:G142D|S:L452R|S:T478K|S:D614G|S:P681R|S:D950N|ORF3a:S26L|ORF3a:L275F|M:I82T|ORF7a:V82A|ORF7a:T120I|N:D63G|N:R203M|N:G215C|N:K374N|N:D377Y,Aug
sample_121,synSNP:C1288T|synSNP:C3037T|orf1ab:A1306S|orf1ab:P2046L|orf1ab:P2287S|orf1ab:A2529V|synSNP:C8986T|orf1ab:V2930L|orf1ab:T3255I|orf1ab:T3646A|synSNP:A11332G|orf1ab:P4715L|orf1ab:H5005Y|orf1ab:G5063S|orf1ab:P5401L|orf1ab:I5403V|synSNP:T17040C|synSNP:G17427T|orf1ab:A6319V|synSNP:C21342T|S:T19R|S:T95I|S:G142D|S:L452R|S:T478K|S:D614G|S:P681R|S:D950N|synSNP:T24583C|ORF3a:S26L|synSNP:C25731T|M:I82T|ORF7a:T14I|ORF7a:V82A|ORF7a:T120I|N:D63G|N:R203M|N:D377Y,Aug
sample_122,synSNP:C3037T|orf1ab:A1306S|orf1ab:P2046L|orf1ab:P2287S|synSNP:C8986T|orf1ab:V2930L|orf1ab:T3255I|orf1ab:M3527V|orf1ab:T3646A|synSNP:A11332G|orf1ab:P4715L|orf1ab:G5063S|orf1ab:P5401L|orf1ab:T5912I|orf1ab:A6319V|S:T19R|S:G142D|S:G181V|S:L452R|S:T478K|S:D614G|S:P681R|S:D950N|synSNP:G24928T|ORF3a:S26L|ORF3a:Y211H|M:I82T|ORF7a:V82A|ORF7a:T120I|N:D63G|N:R203M|N:G215C|N:S327L|N:D377Y,Aug
sample_123,synSNP:C3037T|orf1ab:A1306S|orf1ab:P2046L|orf1ab:P2287S|orf1ab:A2529V|synSNP:C8986T|orf1ab:V2930L|orf1ab:T3255I|orf1ab:T3646A|synSNP:A11332G|orf1ab:P4715L|orf1ab:G5063S|orf1ab:P5401L|orf1ab:A6319V|S:T19R|S:T95I|S:G142D|S:L452R|S:T478K|S:D614G|S:P681R|S:D950N|synSNP:C25452T|ORF3a:S26L|M:I82T|ORF7a:V82A|ORF7a:T120I|N:D63G|N:R203M|N:G215C|N:D377Y|synSNP:C29659T,Aug
sample_124,orf1ab:I567V|synSNP:G2272A|synSNP:C3037T|orf1ab:A1306S|orf1ab:P2046L|orf1ab:P2287S|orf1ab:A2529V|synSNP:C8986T|orf1ab:V2930L|orf1ab:T3255I|orf1ab:T3646A|synSNP:A11332G|orf1ab:P4715L|orf1ab:G5063S|orf1ab:P5401L|synSNP:A17730G|orf1ab:A6319V|S:T19R|S:T95I|S:G142D|S:L452R|S:T478K|S:D614G|S:P681R|S:D950N|ORF3a:S26L|synSNP:T25959C|M:I82T|ORF7a:V82A|ORF7a:T120I|N:D63G|N:R203M|N:G215C|N:V270L|N:D377Y,Aug
sample_125,synSNP:C3037T|orf1ab:A1306S|orf1ab:C2041S|orf1ab:P2046L|orf1ab:P2287S|synSNP:C8986T|orf1ab:V2930L|orf1ab:T3255I|orf1ab:L3606F|orf1ab:T3646A|synSNP:A11332G|orf1ab:P4715L|orf1ab:G5063S|orf1ab:L5367F|orf1ab:P5401L|orf1ab:A6319V|S:T19R|S:T95I|S:G142D|S:L452R|S:T478K|S:D614G|S:P681R|S:D950N|ORF3a:V13L|ORF3a:S26L|ORF3a:W69L|M:I82T|ORF7a:V82A|ORF7a:T120I|ORF8:Q18*|ORF8:R52I|N:D63G|N:R203M|N:G215C|N:A267V|N:D377Y,Aug
sample_126,synSNP:C3037T|orf1ab:D935G|orf1ab:A1306S|synSNP:C5869T|synSNP:T6376C|orf1ab:P2046L|orf1ab:P2287S|orf1ab:A2529V|synSNP:C8986T|orf1ab:V2930L|orf1ab:T3255I|orf1ab:T3646A|synSNP:A11332G|orf1ab:P4715L|orf1ab:G5063S|orf1ab:P5401L|orf1ab:A6319V|S:T19R|S:T95I|S:G142D|S:L452R|S:T478K|S:D614G|S:P681R|S:D950N|S:V1264L|ORF3a:S26L|M:I82T|ORF7a:V82A|ORF7a:T120I|synSNP:C28115T|N:D63G|N:R203M|N:G215C|N:D377Y,Aug
sample_127,orf1ab:I114T|synSNP:C1267A|synSNP:C1549T|synSNP:C3037T|orf1ab:S944L|orf1ab:A1306S|synSNP:T4237C|orf1ab:P2046L|orf1ab:P2287S|orf1ab:A2529V|synSNP:C8986T|orf1ab:V2930L|orf1ab:T3255I|orf1ab:T3646A|synSNP:A11332G|orf1ab:A4357V|orf1ab:P4715L|orf1ab:G5063S|orf1ab:P5401L|synSNP:C16887T|synSNP:T17040C|orf1ab:A6319V|S:T19R|S:L452R|S:T478K|S:D614G|S:P681R|S:D950N|ORF3a:S26L|M:I82T|ORF7a:V82A|ORF7a:T120I|N:D63G|N:R203M|N:G215C|N:D377Y,Aug
sample_128,synSNP:C3037T|orf1ab:A1306S|orf1ab:P2046L|orf1ab:P2287S|orf1ab:A2529V|synSNP:C8986T|orf1ab:V2930L|orf1ab:T3255I|orf1ab:T3646A|synSNP:A11332G|orf1ab:P4715L|orf1ab:G5063S|orf1ab:P5401L|orf1ab:A6319V|orf1ab:P6657L|S:T19R|S:L452R|S:T478K|S:D614G|S:P681R|S:D950N|ORF3a:S26L|ORF3a:T175I|M:I82T|ORF7a:V82A|ORF7a:T120I|N:D63G|N:R203M|N:G215C|N:D377Y,Aug
sample_129,synSNP:C3037T|orf1ab:A1306S|synSNP:T4237C|orf1ab:T2016K|orf1ab:P2046L|orf1ab:P2287S|orf1ab:A2529V|orf1ab:V2766F|synSNP:C8986T|orf1ab:V2930L|orf1ab:T3255I|orf1ab:T3646A|synSNP:A11332G|orf1ab:P4715L|orf1ab:G5063S|orf1ab:P5401L|synSNP:T17040C|orf1ab:N5712T|orf1ab:A6319V|S:T19R|S:T95I|S:L452R|S:T478K|S:Q580L|S:D614G|S:P681R|S:D950N|ORF3a:S26L|M:I82T|ORF7a:V82A|ORF7a:T120I|N:R14C|N:D63G|N:R203M|N:G215C|N:D377Y,Aug
sample_130,synSNP:C3037T|orf1ab:A1306S|orf1ab:P2046L|orf1ab:P2287S|orf1ab:A2529V|synSNP:C8986T|orf1ab:V2930L|orf1ab:T3255I|orf1ab:T3646A|synSNP:A11332G|orf1ab:P4715L|orf1ab:G5063S|orf1ab:P5401L|orf1ab:A6319V|S:T19R|S:T95I|S:G142D|S:L452R|S:T478K|S:D614G|S:P681R|S:D950N|synSNP:T25123C|ORF3a:S26L|M:I82T|ORF7a:V82A|ORF7a:T120I|N:D63G|N:R203M|N:G215C|N:D377Y,Aug
sample_131,orf1ab:M321L|synSNP:A1741G|synSNP:C3037T|orf1ab:A1306S|orf1ab:P2046L|orf1ab:P2287S|orf1ab:A2529V|synSNP:C8986T|orf1ab:V2930L|orf1ab:T3255I|orf1ab:Y3502H|orf1ab:T3646A|synSNP:A11332G|synSNP:A11908T|orf1ab:A4703S|orf1ab:P4715L|orf1ab:G5063S|orf1ab:P5401L|orf1ab:A6319V|S:T19R|S:T95I|S:G142D|S:L452R|S:T478K|S:D614G|S:P681R|S:A831V|S:D950N|ORF3a:S26L|M:I82T|ORF7a:V82A|ORF7a:T120I|ORF8:Q27*|N:D63G|N:R203M|N:G215C|N:D377Y,Aug
sample_132,synSNP:A439G|synSNP:C3037T|orf1ab:A1306S|synSNP:C6070T|orf1ab:P2046L|orf1ab:P2287S|orf1ab:A2529V|synSNP:C8986T|orf1ab:V2930L|orf1ab:T3255I|orf1ab:T3646A|synSNP:A11332G|orf1ab:P4715L|orf1ab:H5005Y|orf1ab:G5063S|orf1ab:P5401L|synSNP:T17040C|synSNP:G17427T|orf1ab:A6319V|S:T19R|S:T95I|S:G142D|S:L452R|S:T478K|S:D614G|S:P681R|S:D950N|ORF3a:S26L|ORF3a:A33S|M:I82T|ORF7a:V82A|ORF7a:T120I|N:D63G|N:R203M|N:G215C|N:D377Y,Aug
sample_133,synSNP:C3037T|orf1ab:E995K|orf1ab:A1306S|orf1ab:P2046L|orf1ab:P2287S|orf1ab:A2529V|synSNP:C8986T|orf1ab:V2930L|orf1ab:T3255I|synSNP:C10747T|orf1ab:T3646A|synSNP:A11332G|orf1ab:L4662F|orf1ab:P4715L|orf1ab:G5063S|orf1ab:P5401L|orf1ab:A6319V|S:T19R|S:T95I|S:G142D|S:L452R|S:T478K|S:D614G|S:P681R|S:D950N|ORF3a:S26L|ORF3a:W128L|M:I82T|ORF7a:V82A|ORF7a:T120I|N:A12S|N:D63G|N:R203M|N:G215C|N:D377Y,Aug
sample_134,orf1ab:P271L|synSNP:A1768G|orf1ab:G706S|synSNP:C3037T|orf1ab:A1306S|orf1ab:P2046L|orf1ab:P2287S|orf1ab:A2529V|synSNP:C8986T|orf1ab:V2930L|orf1ab:I3055T|orf1ab:T3255I|orf1ab:T3646A|synSNP:A11332G|synSNP:C13620T|orf1ab:P4715L|orf1ab:G5063S|orf1ab:P5401L|orf1ab:A6319V|S:T19R|S:T95I|S:G142D|S:L452R|S:T478K|S:D614G|S:P681R|S:D950N|ORF3a:S26L|M:I82T|ORF7a:V82A|ORF7a:T120I|N:D63G|N:R203M|N:G215C|N:D377Y,Aug
sample_135,synSNP:C3037T|orf1ab:A1306S|orf1ab:P2046L|orf1ab:P2287S|orf1ab:A2529V|synSNP:C8986T|orf1ab:V2930L|orf1ab:T3255I|orf1ab:T3646A|synSNP:A11332G|orf1ab:P4715L|orf1ab:G5063S|orf1ab:P5401L|orf1ab:A6319V|S:T19R|S:T95I|S:G142D|S:L452R|S:T478K|S:D614G|S:P681R|S:D950N|ORF3a:S26L|M:I82T|ORF6:I14V|ORF7a:V82A|ORF7a:T120I|ORF8:C102R|N:D63G|N:R203M|N:G215C|N:D377Y,Aug
sample_136,synSNP:C3037T|orf1ab:A1306S|orf1ab:P2046L|orf1ab:P2287S|orf1ab:A2529V|synSNP:C8986T|orf1ab:V2930L|orf1ab:D3022N|orf1ab:T3255I|orf1ab:A3497V|orf1ab:T3646A|synSNP:A11332G|orf1ab:K3832N|synSNP:G12019A|synSNP:C13554T|orf1ab:P4715L|synSNP:T15264C|orf1ab:G5063S|orf1ab:P5401L|synSNP:C16887T|synSNP:T18402C|orf1ab:A6319V|S:T19R|S:T95I|S:G142D|S:G413V|S:L452R|S:T478K|S:D614G|S:P681R|S:D950N|ORF3a:S26L|synSNP:C26151A|M:I82T|ORF7a:V82A|ORF7a:A106S|ORF7a:T120I|N:D63G|N:R203M|N:G215C|N:D377Y,Aug
sample_137,orf1ab:D691N|synSNP:C3037T|orf1ab:A1306S|orf1ab:P2046L|orf1ab:K2109Q|orf1ab:P2287S|synSNP:C8986T|orf1ab:V2930L|orf1ab:T3255I|orf1ab:T3646A|synSNP:A11332G|synSNP:G14250A|orf1ab:P4715L|orf1ab:G5063S|orf1ab:P5401L|orf1ab:E5689D|orf1ab:A6319V|S:T19R|S:L452R|S:T478K|S:D614G|S:P681R|S:D950N|ORF3a:S26L|M:I82T|ORF7a:V82A|ORF7a:T120I|N:D63G|N:R203M|N:G215C|N:D377Y,Aug
sample_138,orf1ab:L204F|synSNP:C3037T|orf1ab:A1306S|orf1ab:P2046L|orf1ab:T2274I|orf1ab:P2287S|orf1ab:A2529V|synSNP:C8986T|orf1ab:V2930L|orf1ab:T3255I|orf1ab:T3646A|synSNP:A11332G|synSNP:T13147C|orf1ab:P4715L|synSNP:C14724T|orf1ab:G5063S|orf1ab:P5401L|orf1ab:A6319V|S:T19R|S:T95I|S:G142D|S:L452R|S:T478K|S:D614G|S:P681R|S:D950N|ORF3a:S26L|ORF3a:H78Y|M:I82T|ORF7a:V82A|ORF7a:T120I|N:D63G|N:R203M|N:G215C|N:D377Y,Aug
sample_139,synSNP:C3037T|orf1ab:A1306S|synSNP:A5146G|orf1ab:P2046L|orf1ab:P2287S|orf1ab:A2529V|synSNP:C8986T|orf1ab:V2930L|orf1ab:T3255I|orf1ab:T3646A|synSNP:A11332G|orf1ab:P4715L|orf1ab:G5063S|orf1ab:P5401L|orf1ab:P6252L|orf1ab:A6319V|orf1ab:H6694R|S:T19R|S:T95I|S:G142D|S:L452R|S:T478K|S:D614G|S:P681R|S:D950N|ORF3a:S26L|ORF3a:K235T|M:I82T|ORF7a:V82A|ORF7a:T120I|N:D63G|N:R203M|N:G215C|N:D377Y,Aug
sample_140,synSNP:C3037T|orf1ab:A1306S|orf1ab:P2046L|orf1ab:P2287S|orf1ab:A2529V|synSNP:C8986T|orf1ab:V2930L|orf1ab:T3255I|orf1ab:T3646A|synSNP:A11332G|orf1ab:P4715L|synSNP:T15264C|orf1ab:G5063S|orf1ab:P5401L|orf1ab:A6319V|orf1ab:A6623V|S:T19R|S:T95I|S:L452R|S:T478K|S:D614G|S:P681R|S:D950N|ORF3a:S26L|M:I82T|ORF7a:V82A|ORF7a:T120I|N:D63G|N:R203M|N:G215C|N:D377Y,Aug
sample_141,synSNP:C3037T|orf1ab:A1306S|orf1ab:P2046L|orf1ab:P2287S|orf1ab:A2529V|synSNP:C8986T|orf1ab:V2930L|orf1ab:T3255I|orf1ab:T3646A|synSNP:A11332G|synSNP:T13929C|orf1ab:P4715L|orf1ab:G5063S|orf1ab:P5401L|synSNP:T17040C|orf1ab:A6319V|S:T19R|S:T95I|S:G142D|S:L452R|S:T478K|S:D614G|S:P681R|S:D950N|ORF3a:S26L|M:I82T|ORF7a:V82A|ORF7a:T120I|N:D63G|N:R203M|N:G215C|N:G238S|N:D377Y,Aug
sample_142,synSNP:C3037T|orf1ab:A1306S|synSNP:T4237C|orf1ab:P2046L|orf1ab:T2121I|orf1ab:P2287S|orf1ab:S2493I|orf1ab:N2498H|orf1ab:A2529V|synSNP:C8986T|orf1ab:V2930L|orf1ab:T3255I|orf1ab:T3646A|synSNP:A11332G|synSNP:G13201A|synSNP:G14118T|orf1ab:P4715L|orf1ab:G5063S|orf1ab:P5401L|synSNP:T17040C|orf1ab:A6319V|S:T19R|S:T95I|S:L452R|S:T478K|S:D614G|S:P681R|S:D950N|ORF3a:S26L|synSNP:C25614T|M:I82T|ORF7a:V82A|ORF7a:T120I|N:D63G|N:R203M|N:G215C|N:D377Y,Aug
sample_143,synSNP:C583T|synSNP:C3037T|orf1ab:A1306S|orf1ab:P2046L|orf1ab:P2287S|orf1ab:A2529V|synSNP:C8986T|orf1ab:V2930L|orf1ab:T3255I|orf1ab:T3646A|synSNP:A11332G|orf1ab:P4715L|orf1ab:G5063S|orf1ab:P5401L|synSNP:T17040C|orf1ab:A6319V|S:T19R|S:T95I|S:G142D|S:L452R|S:T478K|S:D614G|S:P681R|S:D950N|S:V1228L|ORF3a:S26L|M:I82T|ORF7a:V82A|ORF7a:T120I|N:D63G|N:R203M|N:G215C|N:D377Y,Aug
sample_144,synSNP:C3037T|orf1ab:A1306S|orf1ab:P2046L|orf1ab:P2287S|orf1ab:A2529V|synSNP:C8986T|orf1ab:V2930L|orf1ab:T3255I|orf1ab:T3646A|synSNP:A11332G|orf1ab:P4619L|orf1ab:P4715L|orf1ab:G5063S|orf1ab:P5401L|orf1ab:A6319V|orf1ab:A6966V|S:T19R|S:T95I|S:G142D|S:L452R|S:T478K|S:D614G|S:H655Q|S:P681R|S:D950N|ORF3a:S26L|synSNP:G25500T|E:C43F|M:I82T|synSNP:T27484C|ORF7a:K32N|ORF7a:V82A|ORF7a:T120I|N:D63G|N:R203M|N:G215C|N:D377Y,Aug
sample_145,synSNP:C3037T|orf1ab:A1306S|orf1ab:P2046L|orf1ab:P2287S|orf1ab:A2529V|synSNP:C8986T|orf1ab:V2930L|orf1ab:T3255I|orf1ab:T3646A|synSNP:A11332G|orf1ab:P4715L|orf1ab:G5063S|orf1ab:P5401L|orf1ab:A6319V|S:T19R|S:T95I|S:G142D|synSNP:G22051C|S:L452R|S:T478K|S:D614G|S:P681R|S:D950N|ORF3a:S26L|M:I82T|ORF7a:T39I|ORF7a:V82A|ORF7a:T120I|N:D63G|N:R203M|N:G215C|N:D377Y,Aug
sample_146,synSNP:C3037T|orf1ab:A1306S|orf1ab:P2046L|orf1ab:P2287S|orf1ab:A2529V|synSNP:C8986T|orf1ab:V2930L|synSNP:T9742C|orf1ab:T3255I|orf1ab:T3646A|synSNP:A11332G|orf1ab:P4715L|orf1ab:G5063S|orf1ab:P5401L|orf1ab:A6319V|orf1ab:V6624I|S:T19R|S:T95I|S:G142D|S:L452R|S:T478K|S:D614G|S:P681R|S:D950N|synSNP:C25096T|ORF3a:S26L|M:I82T|synSNP:C27059T|ORF7a:V82A|ORF7a:T120I|N:D63G|N:R203M|N:G215C|synSNP:C29095T|N:D377Y,Aug
sample_147,synSNP:C745T|synSNP:C3037T|synSNP:C3244T|orf1ab:E995K|orf1ab:A1306S|orf1ab:P2046L|orf1ab:P2287S|orf1ab:A2529V|synSNP:C8986T|orf1ab:V2930L|orf1ab:T3255I|orf1ab:T3646A|synSNP:A11332G|orf1ab:L4662F|orf1ab:P4715L|orf1ab:G5063S|orf1ab:P5401L|orf1ab:A6319V|S:T19R|S:T95I|S:G142D|S:L452R|S:T478K|S:D614G|S:P681R|S:D950N|ORF3a:S26L|ORF3a:W128L|M:I82T|ORF7a:V82A|ORF7a:T120I|N:A12S|N:D63G|N:R203M|N:G215C|N:D377Y,Aug
sample_148,orf1ab:A339V|synSNP:C3037T|orf1ab:A1306S|orf1ab:P2046L|orf1ab:P2287S|orf1ab:A2529V|synSNP:C8986T|orf1ab:V2930L|orf1ab:T3255I|orf1ab:T3646A|synSNP:A11332G|orf1ab:P4715L|orf1ab:G5063S|orf1ab:P5401L|synSNP:T17040C|orf1ab:A6319V|S:T19R|S:L452R|S:T478K|S:D614G|S:P681R|S:D950N|ORF3a:S26L|M:I82T|N:D63G|N:R203M|N:G215C|N:D377Y,Aug
sample_149,synSNP:A1741G|synSNP:C3037T|orf1ab:A1306S|orf1ab:P2046L|orf1ab:P2287S|orf1ab:A2529V|synSNP:C8986T|orf1ab:V2930L|orf1ab:T3255I|orf1ab:T3646A|synSNP:A11332G|orf1ab:P4715L|orf1ab:G5063S|orf1ab:P5401L|orf1ab:A6319V|orf1ab:R7014N|S:T19R|S:T95I|S:G142D|S:L452R|S:T478K|S:D614G|S:P681R|S:D950N|ORF3a:S26L|M:I82T|ORF7a:V82A|ORF7a:T120I|N:D63G|N:R203M|N:G215C|N:D377Y,Aug
sample_150,synSNP:C3037T|orf1ab:A1306S|orf1ab:A1670V|synSNP:T5824C|orf1ab:P2046L|synSNP:C7039T|orf1ab:P2287S|orf1ab:A2529V|synSNP:C8986T|orf1ab:V2930L|orf1ab:T3255I|orf1ab:T3646A|synSNP:A11332G|orf1ab:T4161I|orf1ab:K4483N|orf1ab:P4715L|orf1ab:G5063S|orf1ab:P5401L|orf1ab:A6319V|S:S12F|S:T19R|S:T95I|S:G142D|S:L452R|S:T478K|S:D614G|S:P681R|S:D950N|ORF3a:S26L|M:I82T|ORF7a:V82A|ORF7a:T120I|N:D63G|N:R203M|N:G215C|N:D377Y,Aug
sample_151,synSNP:C3037T|orf1ab:A1306S|orf1ab:P2046L|orf1ab:H2092Y|orf1ab:P2287S|synSNP:C8986T|orf1ab:V2930L|orf1ab:T3255I|orf1ab:T3646A|synSNP:A11332G|orf1ab:L4538F|orf1ab:P4715L|orf1ab:G5063S|orf1ab:P5401L|orf1ab:A6319V|synSNP:G20808A|S:T19R|S:G142D|S:L452R|S:T478K|S:D614G|S:P681R|S:D950N|synSNP:G24928T|ORF3a:S26L|M:I82T|ORF7a:V82A|ORF7a:T120I|N:D63G|N:R203M|N:G215C|N:S327L|N:D377Y,Aug
sample_152,synSNP:C3037T|orf1ab:V1063G|orf1ab:A1306S|orf1ab:P2046L|orf1ab:P2287S|orf1ab:A2529V|synSNP:C8986T|orf1ab:V2930L|orf1ab:T3255I|orf1ab:T3646A|synSNP:A11332G|orf1ab:P4715L|orf1ab:G5063S|orf1ab:P5401L|orf1ab:A6319V|S:T19R|S:T95I|S:L452R|S:T478K|S:D614G|S:P681R|S:D950N|ORF3a:S26L|M:I82T|ORF7a:V82A|ORF7a:T120I|N:D63G|N:R203M|N:G215C|N:D377Y,Aug
sample_153,synSNP:C3037T|synSNP:G4006A|orf1ab:A1306S|orf1ab:P2046L|orf1ab:P2287S|orf1ab:A2529V|synSNP:C8986T|orf1ab:V2930L|orf1ab:T3255I|orf1ab:T3646A|synSNP:A11332G|synSNP:T14394C|orf1ab:P4715L|orf1ab:G5063S|orf1ab:P5401L|synSNP:A17946G|orf1ab:A6319V|orf1ab:T6566A|orf1ab:T6915I|S:T19R|S:T95I|S:G142D|S:L452R|S:T478K|synSNP:C23114T|S:D614G|S:P681R|S:D950N|ORF3a:S26L|synSNP:G25500T|M:I82T|ORF7a:V82A|ORF7a:T120I|N:D63G|N:R203M|N:G215C|synSNP:G29179T|N:D377Y,Aug
sample_154,synSNP:C3037T|orf1ab:A1306S|orf1ab:P2046L|orf1ab:P2287S|orf1ab:A2529V|orf1ab:K2622N|synSNP:C8986T|orf1ab:V2930L|orf1ab:T3255I|orf1ab:T3646A|synSNP:A11332G|orf1ab:P4715L|orf1ab:G5063S|orf1ab:P5401L|synSNP:T17040C|orf1ab:A6319V|S:T19R|S:T95I|S:G142D|S:L452R|S:T478K|S:D614G|S:P681R|S:D950N|ORF3a:S26L|M:I82T|ORF7a:A55S|ORF7a:V82A|ORF7a:T120I|N:D63G|N:R203M|N:G215C|N:D377Y,Aug
sample_155,synSNP:C3037T|orf1ab:A1306S|orf1ab:A1352V|orf1ab:P2046L|orf1ab:P2287S|orf1ab:A2529V|synSNP:C8986T|orf1ab:V2930L|orf1ab:V3120A|orf1ab:T3255I|orf1ab:K3351R|orf1ab:T3646A|synSNP:A11332G|orf1ab:P4715L|orf1ab:G5063S|orf1ab:D5271N|orf1ab:P5401L|synSNP:C17958T|orf1ab:A6319V|S:T19R|S:D614G|S:P681R|S:D950N|ORF3a:S26L|ORF3a:A33S|M:I82T|N:D63G|N:R203M|N:G215C|N:D377Y,Aug
sample_156,synSNP:C3037T|orf1ab:A1306S|orf1ab:P2046L|orf1ab:P2287S|orf1ab:A2529V|synSNP:C8986T|orf1ab:V2930L|orf1ab:T3255I|orf1ab:T3646A|synSNP:A11332G|orf1ab:A4577V|orf1ab:P4715L|orf1ab:G5063S|orf1ab:P5401L|orf1ab:A6319V|S:T19R|synSNP:C21658T|S:T95I|S:G142D|S:L452R|S:T478K|S:V595I|S:D614G|S:P681R|S:D950N|ORF3a:S26L|M:I82T|ORF7a:V82A|ORF7a:Q90*|ORF7a:P99L|ORF7a:T120I|N:D63G|N:R203M|N:G215C|N:D377Y,Aug
sample_157,orf1ab:E87D|synSNP:C3037T|orf1ab:A1306S|synSNP:C4423T|orf1ab:P2046L|orf1ab:P2287S|synSNP:C8986T|orf1ab:V2930L|orf1ab:T3255I|orf1ab:T3646A|synSNP:A11332G|orf1ab:P4715L|orf1ab:G5063S|orf1ab:P5401L|orf1ab:A6319V|synSNP:C19524T|S:T19R|S:G142D|S:L452R|S:T478K|S:D614G|S:P681R|synSNP:C23758T|S:D950N|ORF3a:S26L|M:I82T|ORF7a:V82A|ORF7a:T120I|N:D63G|N:G96C|N:R203M|N:G215C|N:D377Y,Aug
sample_158,orf1ab:S577T|synSNP:C3037T|orf1ab:A1306S|orf1ab:P2046L|orf1ab:P2287S|orf1ab:A2529V|synSNP:C8986T|orf1ab:V2930L|orf1ab:T3255I|orf1ab:T3646A|synSNP:A11332G|orf1ab:P4715L|orf1ab:G5063S|orf1ab:P5401L|synSNP:T17040C|orf1ab:A6319V|S:T19R|S:T95I|S:G142D|S:L452R|S:T478K|S:D614G|S:P681R|S:D950N|synSNP:G25354T|ORF3a:S26L|M:I82T|ORF7a:V82A|ORF7a:P99L|ORF7a:T120I|N:D63G|N:R203M|N:G215C|N:D377Y,Aug
sample_159,synSNP:C3037T|orf1ab:A1306S|orf1ab:P2046L|orf1ab:P2287S|orf1ab:A2529V|synSNP:C8986T|orf1ab:V2930L|orf1ab:T3255I|orf1ab:T3646A|synSNP:A11332G|orf1ab:L4519I|orf1ab:P4715L|orf1ab:G5063S|orf1ab:P5401L|synSNP:C16954T|orf1ab:A6319V|S:T19R|S:T95I|S:G142D|synSNP:G22051T|S:L452R|S:T478K|S:D614G|S:P681R|S:I882V|S:D950N|ORF3a:S26L|M:A81S|M:I82T|ORF7a:V82A|ORF7a:T120I|N:D63G|N:R203M|N:G215C|N:P365L|N:D377Y,Aug
sample_160,orf1ab:D223Y|synSNP:C3037T|orf1ab:A1306S|orf1ab:P2046L|orf1ab:S2048F|orf1ab:P2287S|synSNP:C7840T|synSNP:C8986T|orf1ab:V2930L|orf1ab:T3255I|orf1ab:T3646A|synSNP:A11332G|orf1ab:P4715L|orf1ab:G5063S|orf1ab:P5401L|orf1ab:A6319V|S:T19R|S:T51I|S:T95I|S:G142D|S:L452R|S:T478K|S:D614G|S:P681R|S:D950N|synSNP:A25003G|ORF3a:S26L|synSNP:C25578T|synSNP:C26625T|M:I82T|ORF7a:V82A|ORF7a:T120I|N:D63G|N:R203M|N:G215C|N:D377Y,Aug
sample_161,synSNP:C3037T|orf1ab:A1306S|synSNP:T4237C|synSNP:C4795T|synSNP:C5281T|orf1ab:P2046L|orf1ab:P2287S|orf1ab:A2529V|synSNP:T8110C|synSNP:C8986T|orf1ab:V2930L|orf1ab:T3255I|orf1ab:T3646A|synSNP:A11332G|orf1ab:L3806M|synSNP:T13210C|orf1ab:P4715L|synSNP:T14742C|orf1ab:G5063S|orf1ab:P5401L|synSNP:T17040C|orf1ab:A6319V|synSNP:C20451T|S:T19R|S:T95I|S:G142D|S:T478K|S:D614G|S:P681R|S:D950N|ORF3a:S26L|M:I82T|ORF7a:V82A|ORF7a:T120I|N:D63G|N:R203M|N:G215C|N:D377Y,Aug
sample_162,orf1ab:L204F|synSNP:C3037T|orf1ab:A1306S|orf1ab:P2046L|orf1ab:P2287S|orf1ab:A2529V|synSNP:C8986T|orf1ab:V2930L|orf1ab:T3255I|orf1ab:T3646A|synSNP:A11332G|synSNP:T13147C|orf1ab:P4715L|synSNP:C14724T|orf1ab:G5063S|orf1ab:P5401L|synSNP:C17502T|orf1ab:A6319V|S:T19R|S:T95I|S:G142D|S:L452R|S:T478K|S:D614G|S:P681R|S:D950N|ORF3a:S26L|M:I82T|ORF7a:V82A|ORF7a:T120I|N:D63G|N:R203M|N:G215C|N:D377Y,Aug
sample_163,orf1ab:R287K|synSNP:C3037T|orf1ab:A1306S|orf1ab:P2046L|orf1ab:P2287S|orf1ab:A2529V|synSNP:C8986T|orf1ab:V2930L|orf1ab:T3255I|orf1ab:P3371S|orf1ab:T3646A|synSNP:A11332G|orf1ab:A3705V|synSNP:T11587C|orf1ab:P4715L|orf1ab:G5063S|orf1ab:P5401L|synSNP:T17040C|orf1ab:A6319V|S:T19R|S:T95I|S:L452R|S:T478K|S:D614G|S:P681R|S:D950N|S:E1111Q|ORF3a:S26L|synSNP:C26753T|M:I82T|ORF7a:L30F|ORF7a:V82A|ORF7a:T120I|N:D63G|N:R203M|N:G215C|N:D377Y,Aug
sample_164,orf1ab:T882I|synSNP:C3037T|orf1ab:A1306S|orf1ab:P2046L|orf1ab:P2287S|orf1ab:A2529V|synSNP:C8782T|synSNP:C8986T|orf1ab:V2930L|orf1ab:L3086F|orf1ab:T3255I|orf1ab:T3646A|synSNP:A11332G|orf1ab:P4715L|orf1ab:G5063S|orf1ab:P5401L|orf1ab:A6319V|S:T19R|S:T95I|S:G142D|S:L452R|S:T478K|S:D614G|S:P681R|S:S929I|S:D950N|ORF3a:S26L|M:I82T|ORF7a:V82A|ORF7a:T120I|ORF8:T80I|N:D63G|N:R203M|N:G215C|N:D377Y,Aug
sample_165,synSNP:C292T|synSNP:C3037T|orf1ab:A1306S|orf1ab:P2046L|orf1ab:P2287S|orf1ab:A2529V|synSNP:C8986T|orf1ab:V2930L|orf1ab:T3255I|orf1ab:T3646A|synSNP:A11332G|synSNP:C13432T|orf1ab:P4715L|orf1ab:G5063S|orf1ab:D5271Y|orf1ab:P5401L|orf1ab:A6319V|orf1ab:D6977Y|S:T19R|S:T95I|S:G142D|synSNP:C22000T|S:L452R|S:T478K|S:D614G|S:P681R|S:D950N|ORF3a:S26L|M:I82T|ORF7a:V82A|ORF7a:T120I|N:D63G|N:R203M|N:G215C|N:D377Y,Aug
sample_166,orf1ab:R426G|synSNP:C3037T|orf1ab:A1306S|orf1ab:P2046L|orf1ab:P2287S|orf1ab:A2529V|synSNP:C8986T|orf1ab:V2930L|orf1ab:T3255I|orf1ab:T3646A|synSNP:A11332G|orf1ab:P4715L|orf1ab:G5063S|orf1ab:P5401L|synSNP:T17040C|orf1ab:A6319V|S:T19R|S:T95I|S:G142D|S:L452R|S:T478K|S:D614G|S:P681R|S:D950N|ORF3a:S26L|synSNP:C25638T|M:I82T|ORF7a:V82A|ORF7a:T120I|N:D63G|N:R203M|N:G215C|N:D377Y,Aug
sample_167,synSNP:A1741G|synSNP:C3037T|orf1ab:A1306S|orf1ab:P2046L|orf1ab:P2287S|orf1ab:A2529V|synSNP:C8986T|orf1ab:V2930L|orf1ab:T3255I|orf1ab:T3646A|synSNP:A11332G|orf1ab:P4715L|orf1ab:Q4836R|orf1ab:G5063S|orf1ab:P5401L|orf1ab:A6319V|S:T19R|S:T95I|S:G142D|S:L452R|S:T478K|S:D614G|S:P681R|S:D950N|ORF3a:S26L|M:I82T|ORF7a:V82A|ORF7a:T120I|N:D63G|N:R203M|N:G215C|N:D377Y,Aug
sample_168,orf1ab:N522T|synSNP:C3037T|orf1ab:A1306S|orf1ab:P2046L|orf1ab:P2287S|orf1ab:A2529V|synSNP:C8986T|orf1ab:V2930L|orf1ab:T3255I|orf1ab:T3646A|synSNP:A11332G|orf1ab:P4715L|synSNP:T15264C|orf1ab:G5063S|orf1ab:P5401L|orf1ab:A6319V|orf1ab:P6517S|S:T19R|S:A67V|S:T95I|S:G142D|S:L452R|S:T478K|S:D614G|S:P681R|S:D950N|ORF3a:S26L|synSNP:A26319G|M:I82T|ORF7a:V82A|ORF7a:T120I|N:R32C|N:D63G|N:R203M|N:G215C|N:D377Y,Aug
sample_169,synSNP:A1741G|synSNP:C3037T|orf1ab:V1211I|orf1ab:A1306S|orf1ab:P2046L|orf1ab:P2287S|orf1ab:A2529V|synSNP:C8986T|orf1ab:V2930L|orf1ab:T3255I|orf1ab:T3646A|synSNP:A11332G|synSNP:G12223A|orf1ab:P4715L|orf1ab:G5063S|orf1ab:P5401L|orf1ab:A6319V|S:T19R|S:L452R|S:T478K|S:D614G|S:P681R|S:D950N|ORF3a:S26L|ORF3a:E266K|M:I82T|ORF7a:V82A|ORF7a:T120I|N:D63G|N:R203M|N:G215C|N:D377Y,Aug
sample_170,orf1ab:A656V|synSNP:C3037T|orf1ab:A1306S|orf1ab:P1803L|orf1ab:P2046L|orf1ab:S2048F|orf1ab:P2287S|synSNP:C8986T|orf1ab:V2930L|synSNP:A9922C|orf1ab:T3255I|orf1ab:V3336I|orf1ab:T3646A|synSNP:A11332G|orf1ab:P4715L|orf1ab:G5063S|orf1ab:T5300I|orf1ab:P5401L|orf1ab:A6319V|S:T19R|S:T95I|S:G142D|S:L452R|S:T478K|S:D614G|S:P681R|S:D950N|synSNP:A25003G|ORF3a:S26L|synSNP:C26151T|M:I82T|ORF7a:V82A|ORF7a:T120I|N:D63G|N:R203M|N:G215C|N:D377Y,Aug
sample_171,synSNP:C3037T|orf1ab:A1306S|orf1ab:P2046L|orf1ab:P2287S|orf1ab:A2529V|synSNP:C8986T|orf1ab:V2930L|orf1ab:T3255I|orf1ab:T3646A|synSNP:A11332G|orf1ab:P4715L|orf1ab:G5063S|orf1ab:P5401L|synSNP:T17040C|synSNP:C18570T|orf1ab:A6319V|orf1ab:P7034S|S:T19R|S:T95I|S:G142D|S:L452R|S:T478K|S:D614G|S:P681R|S:D950N|ORF3a:S26L|ORF3a:T151I|M:I82T|ORF7a:V82A|ORF7a:T120I|N:D63G|N:R203M|N:G215C|N:D377Y,Aug
sample_172,orf1ab:S100N|synSNP:C3037T|orf1ab:C1114F|orf1ab:A1306S|orf1ab:P2046L|orf1ab:P2287S|orf1ab:A2529V|synSNP:C8986T|orf1ab:V2930L|orf1ab:T3255I|orf1ab:T3646A|synSNP:A11332G|orf1ab:P4715L|orf1ab:G5063S|orf1ab:P5401L|synSNP:T17040C|synSNP:C18570T|orf1ab:A6319V|S:T19R|S:T95I|S:G142D|synSNP:T22348A|S:L452R|S:T478K|S:S494L|S:D614G|S:V615I|S:P681R|S:D950N|ORF3a:S26L|M:I82T|ORF7a:V82A|ORF7a:T120I|N:D63G|N:R203M|N:G215C|N:D377Y,Aug
sample_173,synSNP:C3037T|orf1ab:D992G|orf1ab:A1306S|orf1ab:P2046L|orf1ab:P2287S|orf1ab:A2529V|synSNP:C8986T|orf1ab:V2930L|orf1ab:T3255I|orf1ab:T3646A|synSNP:A11332G|orf1ab:P4715L|orf1ab:G5063S|orf1ab:P5401L|synSNP:T17040C|synSNP:C18264T|orf1ab:A6319V|S:T19R|S:T95I|S:G142D|S:Y145H|S:A222V|S:L452R|S:T478K|S:D614G|S:P681R|S:D950N|ORF3a:S26L|synSNP:C25614T|M:I82T|ORF7a:V82A|ORF7a:T120I|N:D63G|N:R203M|N:G215C|N:D377Y,Aug
sample_174,synSNP:T3028C|synSNP:C3037T|orf1ab:A1306S|orf1ab:P2046L|orf1ab:S2273F|orf1ab:P2287S|synSNP:C8986T|orf1ab:V2930L|orf1ab:T3255I|orf1ab:T3646A|synSNP:A11332G|orf1ab:P4715L|synSNP:C14676T|orf1ab:G5063S|orf1ab:P5401L|orf1ab:T6140I|orf1ab:A6319V|S:T19R|S:A435S|S:L452R|S:T478K|S:D614G|S:P681R|S:D950N|synSNP:G24928T|ORF3a:S26L|M:I82T|ORF7a:V82A|ORF7a:T120I|ORF8:C90*|N:D63G|N:R203M|N:G215C|N:S327L|N:D377Y,Aug
sample_175,synSNP:C3037T|synSNP:A3076G|orf1ab:A1306S|synSNP:G5629T|orf1ab:P2046L|orf1ab:P2287S|synSNP:A8446G|synSNP:C8986T|orf1ab:S2926F|orf1ab:V2930L|orf1ab:T3255I|orf1ab:T3646A|synSNP:A11332G|orf1ab:P4715L|orf1ab:G5063S|orf1ab:P5401L|orf1ab:A6319V|S:T19R|S:G142D|S:L452R|S:T478K|S:D614G|S:P681R|S:D950N|synSNP:G24928T|ORF3a:S26L|M:I82T|ORF7a:V82A|ORF7a:T120I|N:D63G|N:R203M|N:G215C|N:S327L|N:D377Y,Aug
sample_176,orf1ab:T592I|synSNP:C3037T|orf1ab:A1306S|orf1ab:P2046L|orf1ab:P2287S|orf1ab:A2529V|synSNP:C8986T|orf1ab:V2930L|synSNP:A10018G|orf1ab:T3255I|orf1ab:T3646A|synSNP:A11332G|orf1ab:P4715L|orf1ab:G5063S|orf1ab:P5401L|orf1ab:M6120T|orf1ab:A6319V|S:T19R|S:T95I|S:L452R|S:T478K|S:D614G|S:P681R|ORF3a:S26L|M:I82T|ORF7a:V82A|ORF7a:T120I|N:D63G|N:R203M|N:G215C|synSNP:C29353T|N:D377Y|ORF10:Q29*,Aug
sample_177,synSNP:C3037T|orf1ab:A1306S|orf1ab:E1909A|synSNP:C6040T|orf1ab:P2046L|orf1ab:P2287S|synSNP:G7675T|orf1ab:A2529V|synSNP:C8986T|orf1ab:V2930L|orf1ab:T3255I|synSNP:C10543T|orf1ab:T3646A|synSNP:A11332G|synSNP:C11758T|synSNP:A13488G|orf1ab:P4715L|orf1ab:G5063S|orf1ab:P5401L|orf1ab:A6206T|orf1ab:A6319V|S:T19R|S:T95I|synSNP:A22459T|S:L452R|S:T478K|S:D614G|S:P681R|S:D950N|ORF3a:S26L|M:L46F|M:I82T|ORF7a:V82A|ORF7a:T120I|N:D63G|N:R203M|N:G215C|N:D377Y,Aug
sample_178,synSNP:G2944A|synSNP:C3037T|orf1ab:A1306S|orf1ab:P2046L|orf1ab:P2287S|synSNP:C8986T|orf1ab:V2930L|orf1ab:T3255I|orf1ab:T3646A|synSNP:A11332G|synSNP:G11365T|orf1ab:Q4151H|synSNP:C13372T|orf1ab:P4715L|orf1ab:G5063S|synSNP:T15882G|synSNP:T15888C|orf1ab:P5401L|orf1ab:A6319V|S:T19R|S:G142D|S:L452R|S:T478K|S:D614G|S:P681R|S:D950N|synSNP:A24457G|ORF3a:S26L|M:I82T|ORF7a:C58F|ORF7a:A79D|ORF7a:V82A|ORF7a:T120I|N:D63G|N:R203M|N:G215C|N:D377Y,Aug
sample_179,synSNP:A427G|orf1ab:G519S|synSNP:C3037T|orf1ab:A1306S|synSNP:T4237C|orf1ab:P2046L|orf1ab:P2287S|orf1ab:A2529V|synSNP:C8986T|orf1ab:V2930L|orf1ab:T3255I|orf1ab:A3645T|orf1ab:T3646A|synSNP:A11332G|synSNP:C11620T|orf1ab:P4715L|orf1ab:G5063S|orf1ab:P5401L|synSNP:T17040C|orf1ab:A6319V|S:T19R|S:P26S|S:T95I|S:G142D|S:L452R|S:T478K|S:D614G|S:P681R|S:D950N|ORF3a:S26L|synSNP:C26022T|M:I82T|ORF7a:V82A|ORF7a:T120I|N:D63G|synSNP:C28498T|N:R203M|N:G215C|N:D377Y,Aug
sample_180,synSNP:C3037T|orf1ab:A1306S|orf1ab:P2046L|orf1ab:P2287S|orf1ab:A2529V|synSNP:C8986T|orf1ab:V2930L|orf1ab:T3255I|orf1ab:T3646A|synSNP:A11332G|orf1ab:P4715L|orf1ab:G5063S|orf1ab:P5401L|orf1ab:R5978K|synSNP:C18348T|orf1ab:A6319V|orf1ab:R7014N|S:T19R|S:T95I|synSNP:G22051C|S:L452R|S:T478K|S:D614G|S:P681R|S:D950N|ORF3a:S26L|M:I82T|synSNP:T27384C|ORF7a:V82A|ORF7a:T120I|N:D63G|N:R203M|N:G215C|N:D377Y,Aug
sample_181,synSNP:C3037T|orf1ab:A1306S|orf1ab:P2046L|orf1ab:P2287S|orf1ab:A2529V|synSNP:C8986T|orf1ab:V2930L|orf1ab:T3255I|orf1ab:T3646A|synSNP:A11332G|orf1ab:P4715L|orf1ab:G5063S|orf1ab:C5122F|orf1ab:P5401L|orf1ab:A6319V|S:T19R|S:T95I|S:G142D|S:L452R|S:T478K|S:D614G|S:P681R|S:D950N|ORF3a:S26L|M:I82T|ORF7a:V82A|ORF7a:T120I|N:D63G|N:R203M|N:G215C|N:D377Y|synSNP:G29449T,Aug
sample_182,orf1ab:P885S|synSNP:C3037T|orf1ab:A1306S|synSNP:T4237C|orf1ab:P2046L|orf1ab:P2287S|orf1ab:A2529V|synSNP:C8986T|orf1ab:V2930L|orf1ab:T3255I|synSNP:A11332G|orf1ab:G3704S|orf1ab:P4715L|orf1ab:G5063S|orf1ab:P5401L|synSNP:T17040C|orf1ab:A6319V|S:T19R|S:D253G|S:L452R|S:T478K|S:D614G|S:P681R|ORF3a:S26L|synSNP:A25983G|M:I82T|ORF7a:V82A|ORF7a:T120I|N:D63G|N:R203M|N:G215C|N:D377Y,Aug
sample_183,synSNP:C3037T|orf1ab:A1306S|orf1ab:P2046L|orf1ab:P2287S|orf1ab:A2529V|orf1ab:V2793I|synSNP:C8986T|orf1ab:V2930L|orf1ab:T3255I|orf1ab:T3646A|synSNP:A11332G|orf1ab:P4715L|orf1ab:G5063S|orf1ab:P5401L|orf1ab:A6319V|S:T19R|S:T95I|S:G142D|S:L452R|S:T478K|S:D614G|S:P681R|S:D950N|synSNP:T25123C|ORF3a:S26L|M:I82T|ORF7a:V82A|ORF7a:T120I|N:D63G|N:R203M|N:G215C|N:D377Y,Aug
sample_184,synSNP:C3037T|orf1ab:A1306S|orf1ab:P2046L|orf1ab:P2287S|orf1ab:A2529V|synSNP:C8986T|orf1ab:V2930L|orf1ab:T3255I|orf1ab:T3646A|synSNP:A11332G|orf1ab:P4715L|orf1ab:G5063S|orf1ab:P5401L|orf1ab:A6319V|S:T19R|S:T95I|S:G142D|S:L452R|S:T478K|S:D614G|S:P681R|S:D950N|ORF3a:S26L|M:I82T|ORF7a:V82A|ORF7a:T120I|N:D63G|N:R203M|N:G215C|N:D377Y,Aug
sample_185,orf1ab:E87D|synSNP:C556T|synSNP:T1831C|synSNP:C3037T|orf1ab:A1306S|synSNP:C4423T|orf1ab:P2046L|orf1ab:P2287S|synSNP:C8290T|synSNP:C8986T|orf1ab:V2930L|orf1ab:T3255I|orf1ab:T3646A|synSNP:A11332G|orf1ab:I4352V|orf1ab:P4715L|orf1ab:G5063S|orf1ab:P5401L|orf1ab:A6319V|synSNP:C19524T|S:T19R|S:L452R|S:T478K|S:D614G|S:P681R|synSNP:C23758T|S:D950N|ORF3a:S26L|M:I82T|ORF7a:V82A|ORF7a:T120I|N:D63G|N:G96C|N:R203M|N:G215C|N:D377Y,Aug
sample_186,synSNP:C3037T|orf1ab:K1219E|orf1ab:A1306S|synSNP:T4237C|orf1ab:L1559F|orf1ab:Y2003N|orf1ab:P2046L|orf1ab:P2287S|orf1ab:A2529V|orf1ab:V2766F|synSNP:C8986T|orf1ab:V2930L|orf1ab:T3255I|orf1ab:T3646A|synSNP:A11332G|orf1ab:P4715L|orf1ab:G5063S|orf1ab:P5401L|orf1ab:T5451N|synSNP:T17040C|orf1ab:P6067H|orf1ab:A6319V|S:T19R|S:T95I|S:L452R|S:T478K|S:D614G|S:P681R|S:D950N|ORF3a:S26L|M:I82T|ORF7a:V82A|ORF7a:T120I|N:D63G|N:R203M|N:G215C|N:D377Y,Aug
sample_187,synSNP:C3037T|orf1ab:T945I|orf1ab:A1306S|orf1ab:P2046L|orf1ab:P2287S|orf1ab:A2529V|synSNP:C8986T|orf1ab:V2930L|orf1ab:T3255I|orf1ab:K3351R|orf1ab:T3646A|synSNP:A11332G|synSNP:C12473T|orf1ab:S4621N|orf1ab:P4715L|orf1ab:G5063S|orf1ab:D5271N|orf1ab:P5401L|orf1ab:E6129D|orf1ab:A6319V|S:T19R|S:T95I|S:L452R|S:T478K|S:D614G|S:P681R|S:D950N|ORF3a:S26L|ORF3a:V225F|M:I82T|ORF7a:H73Y|ORF7a:V82A|ORF7a:T120I|N:D63G|N:R203M|N:G215C|N:D377Y,Aug
sample_188,synSNP:C3037T|orf1ab:A1306S|orf1ab:P2046L|orf1ab:P2287S|orf1ab:A2529V|synSNP:C8986T|orf1ab:V2930L|orf1ab:T3224A|orf1ab:T3255I|orf1ab:T3646A|synSNP:A11332G|orf1ab:P4715L|orf1ab:G5063S|orf1ab:P5401L|orf1ab:A6319V|S:T19R|S:T95I|S:G142D|S:L452R|S:T478K|S:D614G|S:P681R|synSNP:T23677C|S:D950N|ORF3a:S26L|M:I82T|ORF7a:V82A|ORF7a:T120I|N:D63G|N:T165A|N:R203M|N:G215C|N:D377Y,Aug
sample_189,synSNP:A1741G|synSNP:C3037T|synSNP:A3406G|orf1ab:V1211F|orf1ab:A1306S|orf1ab:P2046L|orf1ab:P2287S|orf1ab:A2529V|synSNP:C8986T|orf1ab:V2930L|orf1ab:T3255I|orf1ab:T3646A|synSNP:A11332G|orf1ab:P4715L|orf1ab:G5063S|orf1ab:P5401L|orf1ab:A6319V|S:T19R|S:T95I|S:L452R|S:T478K|S:D614G|S:P681R|S:D950N|ORF3a:S26L|M:I82T|ORF7a:V82A|ORF7a:T120I|N:D63G|N:R203M|N:G215C|N:D377Y,Aug
sample_190,synSNP:C3037T|orf1ab:A1306S|synSNP:T4237C|orf1ab:P2046L|orf1ab:P2287S|orf1ab:A2529V|synSNP:C8986T|orf1ab:V2930L|orf1ab:T3255I|orf1ab:L3606F|orf1ab:T3646A|synSNP:A11332G|orf1ab:P4715L|orf1ab:G5063S|orf1ab:P5401L|orf1ab:H5488Y|synSNP:T17040C|orf1ab:A6319V|S:T19R|S:T95I|S:G142D|S:L452R|S:T478K|S:D614G|S:P681R|S:D950N|ORF3a:S26L|M:I82T|ORF7a:V82A|ORF7a:T120I|N:D63G|N:R203M|N:G215C|N:T362I|N:D377Y,Aug
sample_191,orf1ab:D691N|synSNP:C3037T|orf1ab:T1171I|orf1ab:A1306S|orf1ab:P2046L|orf1ab:P2287S|synSNP:C8986T|orf1ab:V2930L|orf1ab:T3255I|orf1ab:T3646A|synSNP:A11332G|orf1ab:P4715L|orf1ab:G5063S|orf1ab:P5401L|orf1ab:E5689D|orf1ab:A6319V|S:T19R|S:G142D|S:L452R|S:T478K|S:D614G|S:P681R|S:D950N|ORF3a:S26L|ORF3a:G49V|M:I82T|ORF7a:V82A|ORF7a:T120I|N:D63G|synSNP:C28531T|N:R203M|N:G215C|N:D377Y,Aug
sample_192,synSNP:C3037T|orf1ab:A1306S|orf1ab:P2046L|orf1ab:P2287S|orf1ab:A2529V|synSNP:C8986T|orf1ab:V2930L|orf1ab:T3255I|orf1ab:T3646A|synSNP:A11332G|orf1ab:P4715L|orf1ab:G5063S|orf1ab:P5401L|synSNP:T17040C|orf1ab:A6319V|S:T19R|S:L452R|S:T478K|S:D614G|S:P681R|S:Q836L|S:D950N|ORF3a:S26L|M:I82T|synSNP:A27631C|ORF7a:V82A|ORF7a:T120I|N:D63G|N:R203M|N:G215C|N:D377Y,Aug
sample_193,synSNP:C3037T|orf1ab:V1046M|orf1ab:A1306S|synSNP:T4237C|orf1ab:P2046L|orf1ab:V2047F|orf1ab:P2287S|orf1ab:A2529V|synSNP:C8986T|orf1ab:V2930L|orf1ab:A3061V|orf1ab:T3255I|orf1ab:T3646A|synSNP:A11332G|orf1ab:P4715L|orf1ab:G5063S|orf1ab:P5401L|synSNP:T17040C|orf1ab:D6300N|orf1ab:A6319V|S:T19R|S:L452R|S:T478K|S:D614G|S:P681R|S:D950N|ORF3a:S26L|M:I82T|ORF7a:V82A|ORF7a:T120I|N:D63G|N:R203M|N:G215C|N:D377Y,Aug
sample_194,orf1ab:G49C|synSNP:A1741G|synSNP:C3037T|orf1ab:V1211I|orf1ab:T1240I|synSNP:G4024A|orf1ab:A1306S|orf1ab:P2046L|orf1ab:P2287S|orf1ab:A2529V|synSNP:C8986T|orf1ab:V2930L|orf1ab:T3255I|orf1ab:T3646A|synSNP:A11332G|synSNP:G12223A|orf1ab:P4715L|orf1ab:G5063S|orf1ab:P5401L|orf1ab:A6319V|S:T19R|S:T95I|S:G142D|S:L452R|S:T478K|S:D614G|S:P681R|S:D950N|ORF3a:S26L|ORF3a:E266K|M:I82T|ORF7a:V82A|ORF7a:T120I|N:D63G|N:R203M|N:G215C|N:T325I|N:D377Y,Aug
sample_195,orf1ab:D691N|synSNP:C3037T|orf1ab:A1306S|orf1ab:P2046L|orf1ab:P2287S|synSNP:C8986T|orf1ab:V2930L|orf1ab:T3255I|orf1ab:T3646A|synSNP:A11332G|orf1ab:P4715L|orf1ab:G5063S|orf1ab:P5401L|orf1ab:E5689D|orf1ab:A6319V|S:T19R|S:G142D|S:L452R|S:T478K|S:D614G|S:P681R|S:D950N|ORF3a:S26L|M:I82T|ORF7a:V82A|ORF7a:T120I|N:D63G|N:R203M|N:G215C|N:D377Y,Aug
sample_196,orf1ab:E87D|synSNP:G598T|synSNP:C3037T|orf1ab:A1306S|orf1ab:P2046L|orf1ab:P2287S|orf1ab:A2418V|synSNP:C8140T|synSNP:C8986T|orf1ab:V2930L|orf1ab:T3255I|orf1ab:L3606F|orf1ab:T3646A|synSNP:A11332G|synSNP:T12775C|orf1ab:P4715L|orf1ab:G5063S|orf1ab:Y5223H|orf1ab:P5401L|orf1ab:A6319V|synSNP:C19524T|orf1ab:V6688I|synSNP:T20799C|orf1ab:A6986S|S:T19R|S:L452R|S:T478K|S:D614G|S:P681R|S:D950N|ORF3a:S26L|ORF3a:S58N|M:I82T|ORF7a:V82A|ORF7a:T120I|synSNP:C27998T|N:D63G|N:R203M|N:G215C|N:D377Y,Aug
sample_197,synSNP:C3037T|orf1ab:A1306S|synSNP:T4237C|orf1ab:P2046L|orf1ab:P2287S|orf1ab:A2529V|synSNP:C8986T|orf1ab:V2930L|orf1ab:T3255I|orf1ab:T3646A|synSNP:A11332G|synSNP:T13210C|orf1ab:P4715L|orf1ab:G5063S|orf1ab:P5401L|synSNP:T17040C|orf1ab:A6319V|S:T19R|S:T95I|S:G142D|S:L452R|synSNP:C22993T|S:T478K|S:D614G|S:P681R|S:D950N|S:T1117I|ORF3a:S26L|M:I82T|ORF7a:V82A|ORF7a:T120I|N:D63G|N:R203M|N:G215C|N:D377Y,Aug
sample_198,synSNP:C3037T|orf1ab:A1306S|orf1ab:P2046L|orf1ab:P2287S|synSNP:C8986T|orf1ab:V2930L|orf1ab:C3059F|orf1ab:T3255I|orf1ab:T3646A|synSNP:A11332G|orf1ab:P4715L|synSNP:A14457G|orf1ab:G5063S|orf1ab:P5401L|orf1ab:M5997I|orf1ab:A6319V|synSNP:G19563A|synSNP:C19602T|orf1ab:T6949I|S:T19R|S:T95I|S:G142D|synSNP:C22498T|S:L452R|S:T478K|S:D614G|S:Q677H|S:P681R|S:D950N|ORF3a:S26L|synSNP:G26109A|synSNP:C26681T|M:I82T|synSNP:G27014T|ORF7a:V82A|ORF7a:T120I|N:D63G|N:R203M|N:G215C|N:D377Y,Aug
sample_199,synSNP:C3037T|orf1ab:A1306S|orf1ab:P2046L|orf1ab:P2287S|synSNP:C8986T|orf1ab:V2930L|orf1ab:V2996I|orf1ab:T3255I|orf1ab:L3606F|orf1ab:T3646A|synSNP:A11332G|orf1ab:P4715L|orf1ab:G5063S|orf1ab:P5401L|orf1ab:A6319V|S:T19R|S:G142D|S:L452R|S:T478K|S:D614G|S:P681R|S:D950N|ORF3a:S26L|ORF3a:S180F|synSNP:G26720A|synSNP:C26750A|M:I82T|ORF7a:V82A|ORF7a:T120I|ORF8:V33F|N:D63G|synSNP:T28735C|N:R203M|N:G215C|N:D377Y,Aug
sample_200,orf1ab:T814I|synSNP:C3037T|orf1ab:A1306S|orf1ab:P2046L|orf1ab:P2287S|orf1ab:A2529V|synSNP:C8986T|orf1ab:V2930L|synSNP:A9085G|synSNP:C9430T|orf1ab:T3255I|orf1ab:T3646A|synSNP:A11332G|orf1ab:L4182F|orf1ab:P4715L|orf1ab:G5063S|orf1ab:P5401L|synSNP:T17040C|orf1ab:A6319V|S:T19R|S:T95I|S:G142D|S:L452R|S:T478K|S:D614G|S:P681R|S:D950N|ORF3a:S26L|M:I82T|ORF7a:L5P|ORF7a:V82A|ORF7a:T120I|N:D63G|N:R203M|N:G215C|N:D377Y,Aug
